E.1,E.2,E.3,E.4,M.1,M.2,M.3,M.4,M.5,H.1,H.2,H.3,H.4,H.5,H.6,,EROTİCA WORD LİST,,,,E1,E2,E3,E4,M1,M2,M3,M4,M5,H1,H2,H3,H4,H5,H6
ability,access,abbreviation,Acquire,Abnormal,Abolish,Abrasive,Abandon,Abjure,abolish,abrasive,abandon,abase,Abash,Acrostic,,alluring,,,,ability,access,abbreviation,acquire,abnormal,abolish,abrasive,abandon,abjure,abolish,abrasive,abandon,abase,abash,acrostic
accomplish,accompany,absolute,Adapt,Abundant,Acquaintance,Abridge,Abate,Accede,abridge,abstinence,abate,abeyance,Ablation,Advertorial,,aphrodisiac,,,,accomplish,accompany,absolute,adapt,abundant,acquaintance,abridge,abate,accede,abridge,abstinence,abate,abeyance,ablation,advertorial
active,accuse,absorb,Apologize,Accumulate,Adjacent,Abstinence,Abdicate,Accretion,abstract,accentuate,abdicate,abjure,Ablution,Affray,,arousing,,,,active,accuse,absorb,apologize,accumulate,adjacent,abstinence,abdicate,accretion,abstract,accentuate,abdicate,abjure,ablution,affray
address,achieve,academic,Balance,Acknowledge,Advent,Abstract,Aberrant,Acolyte,acclaim,accolade,aberrant,abut,Abnegation,Agog,,bodacious,,,,address,achieve,academic,balance,acknowledge,advent,abstract,aberrant,acolyte,acclaim,accolade,aberrant,abut,abnegation,agog
advice,adjust,accuracy,Bake,Adapt,Adversary,Acclaim,Abet,Acumen,accommodate,acme,abet,accede,Abrogate,Ague,,bawdy,,,,advice,adjust,accuracy,bake,adapt,adversary,acclaim,abet,acumen,accommodate,acme,abet,accede,abrogate,ague
afford,adopt,advantage,Blossom,Adequate,Adversity,Accolade,Abhor,Adduce,accord,adage,abhor,accretion,Abstemious,Akimbo,,creamy,,,,afford,adopt,advantage,blossom,adequate,adversity,accolade,abhor,adduce,accord,adage,abhor,accretion,abstemious,akimbo
anniversary,alert,adventurous,Bounce,Allocate,Aesthetic,Accommodate,Abject,Adroit,adamant,adept,abject,acerbic,Acquisitive,Amanuensis,,desirable,,,,anniversary,alert,adventurous,bounce,allocate,aesthetic,accommodate,abject,adroit,adamant,adept,abject,acerbic,acquisitive,amanuensis
approach,ambition,affection,Build,Alteration,Allege,Accord,Abominate,Alienate,advent,adherent,abominate,acolyte,Acrimonious,Ambit,,dirty,,,,approach,ambition,affection,build,alteration,allege,accord,abominate,alienate,advent,adherent,abominate,acolyte,acrimonious,ambit
attractive,ancient,agent,Catch,Amend,Anguish,Acme,Abortive,Allegorical,adversary,adjunct,abortive,acumen,Addle,Androgynous,,disheveled,,,,attractive,ancient,agent,catch,amend,anguish,acme,abortive,allegorical,adversary,adjunct,abortive,acumen,addle,androgynous
avoid,annual,aggressive,Cheer,Analyze,Animated,Adage,Abscond,Alliteration,adversity,admonish,abscond,adduce,Adjure,Animadversion,,erogenous,,,,avoid,annual,aggressive,cheer,analyze,animated,adage,abscond,alliteration,adversity,admonish,abscond,adduce,adjure,animadversion
brief,apology,alternative,Clean,Appreciate,Append,Adamant,Absolve,Altercation,aesthetic,adulterate,absolve,adroit,Adumbrate,Aphasia,,erotic,,,,brief,apology,alternative,clean,appreciate,append,adamant,absolve,altercation,aesthetic,adulterate,absolve,adroit,adumbrate,aphasia
capable,appoint,altitude,Clap,Approximate,Aptitude,Adept,Abstruse,Anathema,affiliation,advocate,abstruse,affront,Adventitious,Apologia,,eroticism,,,,capable,appoint,altitude,clap,approximate,aptitude,adept,abstruse,anathema,affiliation,advocate,abstruse,affront,adventitious,apologia
capture,arena,ancestor,Climb,Assumption,Arbitrary,Adherent,Abysmal,Ancillary,affirmation,affinity,abysmal,agglomerate,Aegis,Apoplexy,,flirty,,,,capture,arena,ancestor,climb,assumption,arbitrary,adherent,abysmal,ancillary,affirmation,affinity,abysmal,agglomerate,aegis,apoplexy
century,arrange,antique,Collect,Authentic,Arid,Adjunct,Accentuate,Animus,affliction,affluence,acclimate,alacrity,Aggrandize,Apparatchik,,flirtatious,,,,century,arrange,antique,collect,authentic,arid,adjunct,accentuate,animus,affliction,affluence,acclimate,alacrity,aggrandize,apparatchik
certain,arrest,anxious,Cook,Beneficial,Arrogant,Admonish,Acclimate,Antecedent,aftermath,aggregate,accost,allegorical,Aliment,Arrant,,indecent,,,,certain,arrest,anxious,cook,beneficial,arrogant,admonish,acclimate,antecedent,aftermath,aggregate,accost,allegorical,aliment,arrant
challenge,assist,apply,Count,Capacity,Artifact,Adulterate,Accost,Antipathy,aggravation,alleviate,accrue,alliteration,Annular,Arriviste,,insatiable,,,,challenge,assist,apply,count,capacity,artifact,adulterate,accost,antipathy,aggravation,alleviate,accrue,alliteration,annular,arriviste
character,assortment,ascend,Crawl,Cite,Ascertain,Advocate,Accrue,Aplomb,ambidextrous,aloof,acquiesce,altercation,Anodyne,Askance,,intimate,,,,character,assortment,ascend,crawl,cite,ascertain,advocate,accrue,aplomb,ambidextrous,aloof,acquiesce,altercation,anodyne,askance
climate,assure,assembly,Create,Civil,Aspire,Affiliation,Acquiesce,Apogee,ambiguous,amass,acrid,ameliorate,Antediluvian,Astern,,kissable,,,,climate,assure,assembly,create,civil,aspire,affiliation,acquiesce,apogee,ambiguous,amass,acrid,ameliorate,antediluvian,astern
collection,attach,assessment,Dance,Compel,Audible,Affinity,Acrid,Appellation,anecdote,amenable,acuity,anathema,Antipodal,Athwart,,lascivious,,,,collection,attach,assessment,dance,compel,audible,affinity,acrid,appellation,anecdote,amenable,acuity,anathema,antipodal,athwart
committee,attempt,assign,Daydream,Comply,Authoritarian,Affirmation,Acuity,Appropriate,anguish,amenity,addendum,animus,Apocryphal,Autochthonous,,libidinous,,,,committee,attempt,assign,daydream,comply,authoritarian,affirmation,acuity,appropriate,anguish,amenity,addendum,animus,apocryphal,autochthonous
community,attend,attentive,Dig,Compromise,Avid,Affliction,Addendum,Arboreal,animated,amicable,adjudicate,antecedent,Apostate,Autodidact,,lubricious,,,,community,attend,attentive,dig,compromise,avid,affliction,addendum,arboreal,animated,amicable,adjudicate,antecedent,apostate,autodidact
compare,authority,attitude,Discover,Conceal,Belligerent,Affluence,Adjudicate,Ardor,annihilate,amnesty,adulation,anthropomorphic,Apotheosis,Avatar,,luscious,,,,compare,authority,attitude,discover,conceal,belligerent,affluence,adjudicate,ardor,annihilate,amnesty,adulation,anthropomorphic,apotheosis,avatar
completely,automatic,audition,Dive,Concept,Bewilder,Aftermath,Adulation,Arduous,anonymous,amorphous,affable,antipathy,Apposite,Balderdash,,lust,,,,completely,automatic,audition,dive,concept,bewilder,aftermath,adulation,arduous,anonymous,amorphous,affable,antipathy,apposite,balderdash
concern,available,authorize,Draw,Confront,Bleak,Aggravation,Affable,Arraign,apprehensive,anarchy,agnostic,antithesis,Appurtenance,Bauble,,naughty,,,,concern,available,authorize,draw,confront,bleak,aggravation,affable,arraign,apprehensive,anarchy,agnostic,antithesis,appurtenance,bauble
condition,average,benefit,Enjoy,Consent,Brevity,Ambidextrous,Aggregate,Artifice,apprentice,anoint,agrarian,aphorism,Aquiline,Bespoke,,nubile,,,,condition,average,benefit,enjoy,consent,brevity,ambidextrous,aggregate,artifice,apprentice,anoint,agrarian,aphorism,aquiline,bespoke
consider,basic,biology,Encourage,Constitute,Calligraphy,Ambiguous,Agnostic,Artless,aptitude,antagonist,alienate,aplomb,Arch,Betoken,,passion,,,,consider,basic,biology,encourage,constitute,calligraphy,ambiguous,agnostic,artless,aptitude,antagonist,alienate,aplomb,arch,betoken
contain,bold,blend,Explore,Contract,Catastrophe,Amenity,Agrarian,Assay,arbitrary,antiquated,allay,apogee,Argot,Blazon,,passionate,,,,contain,bold,blend,explore,contract,catastrophe,amenity,agrarian,assay,arbitrary,antiquated,allay,apogee,argot,blazon
contribute,cease,brilliant,Express,Conversion,Cavernous,Amicable,Allay,Assignation,arid,apathy,allude,appellation,Arrogate,Brouhaha,,plunging,,,,contribute,cease,brilliant,express,conversion,cavernous,amicable,allay,assignation,arid,apathy,allude,appellation,arrogate,brouhaha
custom,circular,calculate,Fetch,Coordinate,Celestial,Anecdote,Alleviate,Assuage,artifact,apex,altruistic,apprise,Aspersion,Bulwark,,pleasurable,,,,custom,circular,calculate,fetch,coordinate,celestial,anecdote,alleviate,assuage,artifact,apex,altruistic,apprise,aspersion,bulwark
decide,column,category,Find,Diminish,Cerebral,Annihilate,Allude,Astringent,aspiration,appease,amalgamate,appropriate,Atavism,Chiaroscuro,,promiscuous,,,,decide,column,category,find,diminish,cerebral,annihilate,allude,astringent,aspiration,appease,amalgamate,appropriate,atavism,chiaroscuro
degree,combine,cautious,Fly,Discriminate,Chronicle,Anonymous,Aloof,Attenuate,assent,apportion,amatory,apropos,Augury,Cognoscenti,,prurient,,,,degree,combine,cautious,fly,discriminate,chronicle,anonymous,aloof,attenuate,assent,apportion,amatory,apropos,augury,cognoscenti
describe,communicate,cavity,Float,Dispute,Chronological,Antiquated,Altruistic,Auspicious,assertive,appraisal,ambient,arboreal,Avuncular,Colophon,,ravishing,,,,describe,communicate,cavity,float,dispute,chronological,antiquated,altruistic,auspicious,assertive,appraisal,ambient,arboreal,avuncular,colophon
design,companion,circulate,Frolic,Distinctive,Coincide,Apathy,Amass,Aver,audacious,arbiter,ambivalent,ardor,Badinage,Contretemps,,rough,,,,design,companion,circulate,frolic,distinctive,coincide,apathy,amass,aver,audacious,arbiter,ambivalent,ardor,badinage,contretemps
desire,confuse,collapse,Giggle,Diverse,Commotion,Appease,Ambient,Axiom,augment,archaic,ambulatory,arraign,Bagatelle,Copacetic,,hardcore,,,,desire,confuse,collapse,giggle,diverse,commotion,appease,ambient,axiom,augment,archaic,ambulatory,arraign,bagatelle,copacetic
discover,congratulate,collide,Glide,Durable,Communal,Apportion,Ambivalent,Bastion,auxiliary,articulate,amity,artifice,Bailiwick,Cudgel,,salacious,,,,discover,congratulate,collide,glide,durable,communal,apportion,ambivalent,bastion,auxiliary,articulate,amity,artifice,bailiwick,cudgel
discussion,construct,commentary,Grow,Dynamic,Compilation,Appraisal,Amenable,Bedlam,avert,assimilate,anachronism,artless,Besmirch,Deracinate,,seductive,,,,discussion,construct,commentary,grow,dynamic,compilation,appraisal,amenable,bedlam,avert,assimilate,anachronism,artless,besmirch,deracinate
disease,contact,commitment,Guide,Eliminate,Composure,Apprehensive,Amity,Beleaguer,belligerent,astute,analogous,aspirate,Bilious,Descry,,sensual,,,,disease,contact,commitment,guide,eliminate,composure,apprehensive,amity,beleaguer,belligerent,astute,analogous,aspirate,bilious,descry
eager,content,compact,Harvest,Elite,Comprehend,Apprentice,Amnesty,Belie,benevolent,atrocious,ancillary,assiduous,Blandishment,Disport,,sensuous,,,,eager,content,compact,harvest,elite,comprehend,apprentice,amnesty,belie,benevolent,atrocious,ancillary,assiduous,blandishment,disport
emergency,conversation,compassion,Help,Emphasis,Concede,Archaic,Amorphous,Beset,benign,austere,anomaly,assignation,Bowdlerize,Dissimulate,,silky,,,,emergency,conversation,compassion,help,emphasis,concede,archaic,amorphous,beset,benign,austere,anomaly,assignation,bowdlerize,dissimulate
entrance,convince,competition,Hide,Endorse,Conceit,Articulate,Anachronism,Bifurcate,bestow,autonomous,apparition,assuage,Bravura,Doggerel,,slinky,,,,entrance,convince,competition,hide,endorse,conceit,articulate,anachronism,bifurcate,bestow,autonomous,apparition,assuage,bravura,doggerel
event,couple,complex,Hug,Endure,Concentric,Aspiration,Analogous,Brazen,bewilder,avarice,approbation,astringent,Bucolic,Doyenne,,spicy,,,,event,couple,complex,hug,endure,concentric,aspiration,analogous,brazen,bewilder,avarice,approbation,astringent,bucolic,doyenne
expert,culture,complicated,Imagine,Engaging,Concise,Assent,Anarchy,Bristling,boisterous,aversion,arcane,atrophy,Bumptious,Dragoon,,steamy,,,,expert,culture,complicated,imagine,engaging,concise,assent,anarchy,bristling,boisterous,aversion,arcane,atrophy,bumptious,dragoon
explore,decay,complimentary,Investigate,Enhance,Concoct,Assertive,Anoint,Broach,breach,banter,archetype,attenuate,Cabal,Dystopia,,sultry,,,,explore,decay,complimentary,investigate,enhance,concoct,assertive,anoint,broach,breach,banter,archetype,attenuate,cabal,dystopia
express,declare,conceive,Invent,Exotic,Concur,Audacious,Anomaly,Buoyant,brevity,barrage,archipelago,august,Callow,Egalite,,stimulating,,,,express,declare,conceive,invent,exotic,concur,audacious,anomaly,buoyant,brevity,barrage,archipelago,august,callow,egalite
extend,defend,concentrate,Jog,Exploit,Concurrent,Augment,Antagonist,Cadre,calligraphy,belittle,arduous,auspicious,Captious,Embouchure,,tantalizing,,,,extend,defend,concentrate,jog,exploit,concurrent,augment,antagonist,cadre,calligraphy,belittle,arduous,auspicious,captious,embouchure
extremely,define,conclusion,Juggle,Fragile,Condole,Auxiliary,Apex,Cajole,cavernous,bequeath,assay,aver,Catatonic,Emeritus,,tempting,,,,extremely,define,conclusion,juggle,fragile,condole,auxiliary,apex,cajole,cavernous,bequeath,assay,aver,catatonic,emeritus
feature,demand,conduct,Jump,Frank,Conglomerate,Aversion,Apparition,Camaraderie,chaotic,bereaved,attrition,avocation,Cavil,Empyrean,,thrusting,,,,feature,demand,conduct,jump,frank,conglomerate,aversion,apparition,camaraderie,chaotic,bereaved,attrition,avocation,cavil,empyrean
focus,depend,confident,Kick,Furthermore,Conjecture,Avert,Approbation,Canonize,charisma,besiege,auspices,baleful,Celerity,Epicene,,titillating,,,,focus,depend,confident,kick,furthermore,conjecture,avert,approbation,canonize,charisma,besiege,auspices,baleful,celerity,epicene
general,desperate,confine,Laugh,Haste,Conscientious,Barrage,Arcane,Capitulate,choreography,bigotry,autocratic,banal,Chary,Epigraph,,tussle,,,,general,desperate,confine,laugh,haste,conscientious,barrage,arcane,capitulate,choreography,bigotry,autocratic,banal,chary,epigraph
geography,difference,conflict,Learn,Heritage,Consensus,Belittle,Archetype,Capricious,chronicle,blight,awry,bandy,Cherubic,Epistemology,,voluptuous,,,,geography,difference,conflict,learn,heritage,consensus,belittle,archetype,capricious,chronicle,blight,awry,bandy,cherubic,epistemology
globe,disaster,connection,Listen,Hostile,Consolidate,Benevolent,Archipelago,Cardinal,chronological,bolster,axiom,bane,Chicanery,Epistolary,,arouse,,,,globe,disaster,connection,listen,hostile,consolidate,benevolent,archipelago,cardinal,chronological,bolster,axiom,bane,chicanery,epistolary
government,dismiss,consecutive,Make,Immense,Constituent,Benign,Assimilate,Castigate,circumstantial,boon,baroque,beatific,Chimerical,Equable,,allure,,,,government,dismiss,consecutive,make,immense,constituent,benign,assimilate,castigate,circumstantial,boon,baroque,beatific,chimerical,equable
host,disorder,constant,Meditate,Impact,Constrain,Bequeath,Astute,Cataclysm,clientele,buttress,bastion,behemoth,Churlish,Eschatology,,flirt,,,,host,disorder,constant,meditate,impact,constrain,bequeath,astute,cataclysm,clientele,buttress,bastion,behemoth,churlish,eschatology
identity,distant,contrast,Multiply,Implement,Contemplate,Bereaved,Atrocious,Cauterize,coalition,cadence,bedeck,beleaguer,Circumlocution,Finagle,,ravish,,,,identity,distant,contrast,multiply,implement,contemplate,bereaved,atrocious,cauterize,coalition,cadence,bedeck,beleaguer,circumlocution,finagle
imagine,distract,cooperate,Navigate,Inclined,Contemporary,Besiege,Attrition,Cavort,coerce,caliber,bedevil,belie,Cloy,Forbear,,rape,,,,imagine,distract,cooperate,navigate,inclined,contemporary,besiege,attrition,cavort,coerce,caliber,bedevil,belie,cloy,forbear
incident,dramatic,coward,Nourish,Incorporate,Contrary,Bestow,Auspices,Chaff,collaborate,callous,bedlam,beset,Codicil,Frippery,,titillate,,,,incident,dramatic,coward,nourish,incorporate,contrary,bestow,auspices,chaff,collaborate,callous,bedlam,beset,codicil,frippery
independent,ease,crisis,Nurture,Infinite,Convene,Boisterous,Austere,Chagrin,collateral,captivate,beget,bevy,Colloquy,Genotype,,ĞĞĞ,,,,independent,ease,crisis,nurture,infinite,convene,boisterous,austere,chagrin,collateral,captivate,beget,bevy,colloquy,genotype
index,economic,critical,Observe,Integrity,Conventional,Breach,Autocratic,Choleric,colossal,caricature,beguile,bifurcate,Comestible,Glitz,,,,,,index,economic,critical,observe,integrity,conventional,breach,autocratic,choleric,colossal,caricature,beguile,bifurcate,comestible,glitz
issue,elementary,criticism,Origami,Legacy,Convergent,Buttress,Autonomous,Circumspect,commandeer,catalyst,behest,blithe,Complaisant,Guerdon,,,,,,issue,elementary,criticism,origami,legacy,convergent,buttress,autonomous,circumspect,commandeer,catalyst,behest,blithe,complaisant,guerdon
journey,emotional,currently,Originate,Legendary,Cordial,Cadence,Avarice,Clairvoyant,commemorate,centenary,beholden,bohemian,Compunction,Hagiography,,,,,,journey,emotional,currently,originate,legendary,cordial,cadence,avarice,clairvoyant,commemorate,centenary,beholden,bohemian,compunction,hagiography
judge,enormous,cycle,Paint,Legislation,Cornucopia,Captivate,Awry,Clandestine,communal,chronic,bellicose,bombastic,Condign,Haptic,,,,,,judge,enormous,cycle,paint,legislation,cornucopia,captivate,awry,clandestine,communal,chronic,bellicose,bombastic,condign,haptic
legal,entertain,data,Perform,Legitimate,Corrosion,Caricature,Banter,Coagulate,competent,circumvent,bemused,brackish,Confute,Harridan,,,,,,legal,entertain,data,perform,legitimate,corrosion,caricature,banter,coagulate,competent,circumvent,bemused,brackish,confute,harridan
luxury,entire,deceive,Plant,Leisure,Counterpart,Centenary,Bedeck,Cogent,concede,clique,benefaction,braggadocio,Consanguinity,Hector,,,,,,luxury,entire,deceive,plant,leisure,counterpart,centenary,bedeck,cogent,concede,clique,benefaction,braggadocio,consanguinity,hector
major,environment,dedicate,Play,Magnitude,Credible,Chaotic,Bedevil,Collate,concentric,cognitive,berate,bravado,Contrite,Hoary,,,,,,major,environment,dedicate,play,magnitude,credible,chaotic,bedevil,collate,concentric,cognitive,berate,bravado,contrite,hoary
manage,error,defer,Quack,Merge,Criteria,Charisma,Beget,Collude,concise,cohesive,bourgeois,brusque,Contumacious,Hoyden,,,,,,manage,error,defer,quack,merge,criteria,charisma,beget,collude,concise,cohesive,bourgeois,brusque,contumacious,hoyden
medium,estimate,delicate,Question,Methodical,Cultivate,Choreography,Beguile,Commiserate,concurrent,commendation,brazen,burgeon,Convoke,Immolate,,,,,,medium,estimate,delicate,question,methodical,cultivate,choreography,beguile,commiserate,concurrent,commendation,brazen,burgeon,convoke,immolate
multiply,evidence,democratic,Read,Minimum,Cumulative,Chronic,Behest,Commutation,condemnation,complacent,bristling,burnish,Coterie,Immure,,,,,,multiply,evidence,democratic,read,minimum,cumulative,chronic,behest,commutation,condemnation,complacent,bristling,burnish,coterie,immure
nation,exact,demonstrate,Relax,Mortal,Customary,Circumstantial,Beholden,Complicity,condole,complement,broach,cachet,Crepuscular,Improvidence,,,,,,nation,exact,demonstrate,relax,mortal,customary,circumstantial,beholden,complicity,condole,complement,broach,cachet,crepuscular,improvidence
natural,examine,dense,Ride,Obliging,Cynical,Circumvent,Bellicose,Comport,conglomerate,compliant,buoyant,calumny,Cynosure,Indubitable,,,,,,natural,examine,dense,ride,obliging,cynical,circumvent,bellicose,comport,conglomerate,compliant,buoyant,calumny,cynosure,indubitable
negative,exhibit,depress,Roam,Obstacle,Deceitful,Clientele,Bemused,Concatenate,conjecture,compulsion,cadre,canard,Decorous,Insuperable,,,,,,negative,exhibit,depress,roam,obstacle,deceitful,clientele,bemused,concatenate,conjecture,compulsion,cadre,canard,decorous,insuperable
opinion,expand,deprive,Run,Overwhelm,Deficit,Coalition,Benefaction,Conciliation,conscientious,condescend,cajole,canonize,Decrepitude,Jocose,,,,,,opinion,expand,deprive,run,overwhelm,deficit,coalition,benefaction,conciliation,conscientious,condescend,cajole,canonize,decrepitude,jocose
opportunity,expected,descend,Share,Perceive,Demean,Coerce,Berate,Conclave,consensus,condone,camaraderie,cantankerous,Demur,Junta,,,,,,opportunity,expected,descend,share,perceive,demean,coerce,berate,conclave,consensus,condone,camaraderie,cantankerous,demur,junta
opposite,expensive,destruction,Shout,Persist,Depict,Cognitive,Bigotry,Concomitant,constrain,conducive,candor,capacious,Denouement,Kibosh,,,,,,opposite,expensive,destruction,shout,persist,depict,cognitive,bigotry,concomitant,constrain,conducive,candor,capacious,denouement,kibosh
perform,experience,detail,Sing,Phase,Deplorable,Collaborate,Blight,Conflagration,contemplate,confidant,capricious,capitulate,Desiccate,Kismet,,,,,,perform,experience,detail,sing,phase,deplorable,collaborate,blight,conflagration,contemplate,confidant,capricious,capitulate,desiccate,kismet
permit,experiment,detect,Skip,Pioneer,Descendant,Collateral,Bolster,Congeal,contemporary,confound,cardinal,carapace,Desultory,Knavish,,,,,,permit,experiment,detect,skip,pioneer,descendant,collateral,bolster,congeal,contemporary,confound,cardinal,carapace,desultory,knavish
prepare,export,determine,Smile,Potential,Designation,Colossal,Boon,Conjugal,contrary,congenial,carnage,carp,Detritus,Languorous,,,,,,prepare,export,determine,smile,potential,designation,colossal,boon,conjugal,contrary,congenial,carnage,carp,detritus,languorous
prevent,familiar,devote,Solve,Prejudice,Despair,Commandeer,Caliber,Conscript,convene,conjure,caustic,castigate,Devolve,Leitmotif,,,,,,prevent,familiar,devote,solve,prejudice,despair,commandeer,caliber,conscript,convene,conjure,caustic,castigate,devolve,leitmotif
process,fiction,digest,Sprout,Preliminary,Deviate,Commemorate,Callous,Convivial,conventional,connoisseur,cavalier,cataclysm,Dialectic,Masticate,,,,,,process,fiction,digest,sprout,preliminary,deviate,commemorate,callous,convivial,conventional,connoisseur,cavalier,cataclysm,dialectic,masticate
provide,flexible,displace,Swim,Premise,Devious,Commendation,Candor,Corpulent,convergent,contemptible,cede,catharsis,Diaphanous,Mien,,,,,,provide,flexible,displace,swim,premise,devious,commendation,candor,corpulent,convergent,contemptible,cede,catharsis,diaphanous,mien
purchase,fluid,dissimilar,Teach,Prior,Dialect,Competent,Carnage,Covet,cordial,contentious,censure,cauterize,Didactic,Morass,,,,,,purchase,fluid,dissimilar,teach,prior,dialect,competent,carnage,covet,cordial,contentious,censure,cauterize,didactic,morass
quality,fortunate,distribute,Think,Prominent,Dilemma,Complement,Catalyst,Craven,cornucopia,contingent,cessation,cavort,Dilatory,Mullah,,,,,,quality,fortunate,distribute,think,prominent,dilemma,complement,catalyst,craven,cornucopia,contingent,cessation,cavort,dilatory,mullah
region,frequent,disturb,Throw,Propose,Diligent,Compliant,Caustic,Credulous,credible,contrived,chaff,charlatan,Dilettante,Natter,,,,,,region,frequent,disturb,throw,propose,diligent,compliant,caustic,credulous,credible,contrived,chaff,charlatan,dilettante,natter
reject,function,division,Travel,Prosperity,Discern,Compulsion,Cavalier,Cull,cynical,copious,chagrin,chauvinism,Dirge,Nugatory,,,,,,reject,function,division,travel,prosperity,discern,compulsion,cavalier,cull,cynical,copious,chagrin,chauvinism,dirge,nugatory
report,fundamental,dominant,Understand,Qualified,Disclaimer,Condemnation,Cede,Culminate,decipher,correlate,chastise,choleric,Disabuse,Occultation,,,,,,report,fundamental,dominant,understand,qualified,disclaimer,condemnation,cede,culminate,decipher,correlate,chastise,choleric,disabuse,occultation
required,furious,duplicate,Uncover,Rational,Discrepancy,Condescend,Censure,Culpable,deficit,corrugated,chivalrous,circumspect,Disaffected,Oeuvre,,,,,,required,furious,duplicate,uncover,rational,discrepancy,condescend,censure,culpable,deficit,corrugated,chivalrous,circumspect,disaffected,oeuvre
research,gradual,duration,Unite,Refuge,Disentangle,Condone,Cessation,Dapper,denounce,cosmopolitan,circuitous,clairvoyant,Discombobulated,Oligarchy,,,,,,research,gradual,duration,unite,refuge,disentangle,condone,cessation,dapper,denounce,cosmopolitan,circuitous,clairvoyant,discombobulated,oligarchy
responsible,habit,edible,Visit,Reinforce,Disintegrate,Conducive,Chastise,Daunt,deprivation,covert,circumscribe,coagulate,Discomfit,Oligopoly,,,,,,responsible,habit,edible,visit,reinforce,disintegrate,conducive,chastise,daunt,deprivation,covert,circumscribe,coagulate,discomfit,oligopoly
security,illustrate,edit,Volunteer,Reserved,Dismal,Confidant,Chivalrous,Dearth,derivative,crescendo,clandestine,cogitate,Disinter,Ontology,,,,,,security,illustrate,edit,volunteer,reserved,dismal,confidant,chivalrous,dearth,derivative,crescendo,clandestine,cogitate,disinter,ontology
series,immediately,eligible,Wander,Restore,Dismantle,Confound,Circuitous,Debacle,designation,culinary,clarion,collate,Dissemble,Orotund,,,,,,series,immediately,eligible,wander,restore,dismantle,confound,circuitous,debacle,designation,culinary,clarion,collate,dissemble,orotund
similar,impress,emerge,Weave,Restraint,Dispel,Congenial,Circumscribe,Debonair,desolate,curtail,clemency,collude,Distend,Palaver,,,,,,similar,impress,emerge,weave,restraint,dispel,congenial,circumscribe,debonair,desolate,curtail,clemency,collude,distend,palaver
solve,individual,employ,Whisper,Resume,Disposition,Conjure,Clarion,Deference,despicable,deadlock,cloister,comely,Dolorous,Palimpsest,,,,,,solve,individual,employ,whisper,resume,disposition,conjure,clarion,deference,despicable,deadlock,cloister,comely,dolorous,palimpsest
source,inspect,erupt,Write,Revelation,Disrupt,Connoisseur,Clemency,Defile,deterrent,decadent,coalesce,commiserate,Dross,Parvenu,,,,,,source,inspect,erupt,write,revelation,disrupt,connoisseur,clemency,defile,deterrent,decadent,coalesce,commiserate,dross,parvenu
state,instant,essential,Xplore,Ritual,Dissension,Contemptible,Clique,Deft,deviate,decimate,cogent,commodious,Dulcet,Patisserie,,,,,,state,instant,essential,xplore,ritual,dissension,contemptible,clique,deft,deviate,decimate,cogent,commodious,dulcet,patisserie
statement,intelligent,evacuate,Yearn,Sector,Distortion,Contentious,Cloister,Delectable,dilemma,definitive,commune,commutation,Effete,Peckish,,,,,,statement,intelligent,evacuate,yearn,sector,distortion,contentious,cloister,delectable,dilemma,definitive,commune,commutation,effete,peckish
structure,intend,evaluate,Zigzag,Significant,Dominion,Contingent,Coalesce,Deleterious,dire,defunct,compendium,complicity,Effrontery,Phalanx,,,,,,structure,intend,evaluate,zigzag,significant,dominion,contingent,coalesce,deleterious,dire,defunct,compendium,complicity,effrontery,phalanx
style,interrupt,excel,Zoom,Spacious,Dubious,Contrived,Cohesive,Deliberate,discern,deluge,concerted,comport,Effulgent,Phantasmagoria,,,,,,style,interrupt,excel,zoom,spacious,dubious,contrived,cohesive,deliberate,discern,deluge,concerted,comport,effulgent,phantasmagoria
transport,investigation,exception,ĞĞĞ,Subsequent,Egotistical,Copious,Commune,Delineate,discrepancy,demarcation,confluence,concatenate,Egalitarian,Physiognomy,,,,,,transport,investigation,exception,ğğğ,subsequent,egotistical,copious,commune,delineate,discrepancy,demarcation,confluence,concatenate,egalitarian,physiognomy
treaty,invisible,exert,,Substantial,Elated,Corrugated,Compendium,Demagogue,disentangle,demented,congenital,conciliation,Emollient,Picaresque,,,,,,treaty,invisible,exert,,substantial,elated,corrugated,compendium,demagogue,disentangle,demented,congenital,conciliation,emollient,picaresque
visible,involved,expedition,,Suppress,Eloquent,Cosmopolitan,Complacent,Denude,dismantle,demise,connive,conclave,Emolument,Pidgin,,,,,,visible,involved,expedition,,suppress,eloquent,cosmopolitan,complacent,denude,dismantle,demise,connive,conclave,emolument,pidgin
vision,lack,external,,Thrifty,Embark,Covert,Concerted,Depravity,dispel,demographic,connote,concomitant,Encomium,Pilfer,,,,,,vision,lack,external,,thrifty,embark,covert,concerted,depravity,dispel,demographic,connote,concomitant,encomium,pilfer
wisdom,limit,factor,,Thrive,Eminent,Crescendo,Confluence,Desecrate,disposition,deplete,consign,conflagration,Enervate,Plebiscite,,,,,,wisdom,limit,factor,,thrive,eminent,crescendo,confluence,desecrate,disposition,deplete,consign,conflagration,enervate,plebiscite
ĞĞĞ,loyal,fatal,,Urban,Encompass,Decimate,Congenital,Despot,dissension,derogatory,consternation,congeal,Ennui,Plenitude,,,,,,ğğğ,loyal,fatal,,urban,encompass,decimate,congenital,despot,dissension,derogatory,consternation,congeal,ennui,plenitude
,majority,favorable,,Variant,Entice,Decipher,Connive,Diatribe,distortion,destitute,consummate,conjugal,Enormity,Polyphonic,,,,,,,majority,favorable,,variant,entice,decipher,connive,diatribe,distortion,destitute,consummate,conjugal,enormity,polyphonic
,manufacture,feat,,Vital,Entity,Definitive,Connote,Dichotomy,divergent,detrimental,contagion,conscript,Entropy,Prefigure,,,,,,,manufacture,feat,,vital,entity,definitive,connote,dichotomy,divergent,detrimental,contagion,conscript,entropy,prefigure
,master,fierce,,Vivid,Epidemic,Defunct,Consign,Diffident,diversion,devoid,contiguous,conundrum,Epicurean,Prehensile,,,,,,,master,fierce,,vivid,epidemic,defunct,consign,diffident,diversion,devoid,contiguous,conundrum,epicurean,prehensile
,mental,format,,ĞĞĞ,Erode,Demarcation,Consummate,Diffuse,dominion,dilapidated,contravene,convivial,Epigram,Preternatural,,,,,,,mental,format,,ğğğ,erode,demarcation,consummate,diffuse,dominion,dilapidated,contravene,convivial,epigram,preternatural
,minor,formula,,,Erratic,Demented,Contagion,Diminution,dormant,directive,convalescent,corpulent,Epithet,Prig,,,,,,,minor,formula,,,erratic,demented,contagion,diminution,dormant,directive,convalescent,corpulent,epithet,prig
,misery,fracture,,,Erroneous,Demise,Contiguous,Disburse,dreary,disarray,convoluted,countenance,Epochal,Proboscis,,,,,,,misery,fracture,,,erroneous,demise,contiguous,disburse,dreary,disarray,convoluted,countenance,epochal,proboscis
,modest,fragment,,,Esteem,Demographic,Contravene,Disconsolate,dubious,disdain,corporeal,countermand,Equanimity,Prosody,,,,,,,modest,fragment,,,esteem,demographic,contravene,disconsolate,dubious,disdain,corporeal,countermand,equanimity,prosody
,observe,generosity,,,Evasive,Denounce,Convalescent,Discrete,eccentric,disillusion,corroborate,credulous,Equivocate,Proxy,,,,,,,observe,generosity,,,evasive,denounce,convalescent,discrete,eccentric,disillusion,corroborate,credulous,equivocate,proxy
,obvious,gigantic,,,Excerpt,Deprivation,Convoluted,Discursive,eclipse,disincentive,covet,culpable,Ersatz,Pundit,,,,,,,obvious,gigantic,,,excerpt,deprivation,convoluted,discursive,eclipse,disincentive,covet,culpable,ersatz,pundit
,operate,glossary,,,Exemplify,Derivative,Corporeal,Disingenuous,ecstatic,disinterested,craven,dank,Escarpment,Quisling,,,,,,,operate,glossary,,,exemplify,derivative,corporeal,disingenuous,ecstatic,disinterested,craven,dank,escarpment,quisling
,organize,guidelines,,,Exodus,Derogatory,Correlate,Disparage,egotistical,dispersal,credence,debility,Euphony,Raffish,,,,,,,organize,guidelines,,,exodus,derogatory,correlate,disparage,egotistical,dispersal,credence,debility,euphony,raffish
,outstanding,habitat,,,Expansive,Desolate,Corroborate,Disquiet,eloquent,disseminate,crestfallen,debonair,Evanescent,Raillery,,,,,,,outstanding,habitat,,,expansive,desolate,corroborate,disquiet,eloquent,disseminate,crestfallen,debonair,evanescent,raillery
,pace,hazardous,,,Fabricate,Despicable,Credence,Dogmatic,embark,dissident,crux,deference,Evince,Razzmatazz,,,,,,,pace,hazardous,,,fabricate,despicable,credence,dogmatic,embark,dissident,crux,deference,evince,razzmatazz
,particular,hesitate,,,Facilitate,Destitute,Crestfallen,Dour,emphatic,dissipate,cull,defoliate,Excoriate,Reliquary,,,,,,,particular,hesitate,,,facilitate,destitute,crestfallen,dour,emphatic,dissipate,cull,defoliate,excoriate,reliquary
,pause,highlight,,,Fanaticism,Deterrent,Crux,Draconian,encompass,dissuade,culminate,deify,Exculpate,Rhapsodic,,,,,,,pause,highlight,,,fanaticism,deterrent,crux,draconian,encompass,dissuade,culminate,deify,exculpate,rhapsodic
,perfect,humble,,,Fatigue,Detrimental,Culinary,Duress,eradicate,distraught,curative,deign,Execrate,Rictus,,,,,,,perfect,humble,,,fatigue,detrimental,culinary,duress,eradicate,distraught,curative,deign,execrate,rictus
,plentiful,hurricane,,,Fidelity,Devoid,Curative,Echelon,erratic,dupe,curio,deleterious,Exegesis,Rigmarole,,,,,,,plentiful,hurricane,,,fidelity,devoid,curative,echelon,erratic,dupe,curio,deleterious,exegesis,rigmarole
,pointless,identical,,,Finite,Dilapidated,Curio,Efface,excise,duplicity,cursory,delineate,Exigent,Riparian,,,,,,,pointless,identical,,,finite,dilapidated,curio,efface,excise,duplicity,cursory,delineate,exigent,riparian
,portable,identify,,,Flair,Dire,Cursory,Egregious,exclusion,dwindle,dapper,demagogue,Exiguous,Risible,,,,,,,portable,identify,,,flair,dire,cursory,egregious,exclusion,dwindle,dapper,demagogue,exiguous,risible
,portion,imitate,,,Fluctuate,Directive,Curtail,Emaciated,excruciating,edict,daunt,denizen,Expatiate,Sallow,,,,,,,portion,imitate,,,fluctuate,directive,curtail,emaciated,excruciating,edict,daunt,denizen,expatiate,sallow
,positive,import,,,Formative,Disarray,Deadlock,Enigmatic,excursion,edifice,dearth,denude,Expiate,Sangfroid,,,,,,,positive,import,,,formative,disarray,deadlock,enigmatic,excursion,edifice,dearth,denude,expiate,sangfroid
,prefer,incline,,,Formulate,Disdain,Debunk,Epiphany,exemplify,efficacy,debacle,depravity,Expostulate,Sashay,,,,,,,prefer,incline,,,formulate,disdain,debunk,epiphany,exemplify,efficacy,debacle,depravity,expostulate,sashay
,previous,ingredient,,,Fortification,Disillusion,Decadent,Erudite,expansive,elicit,debunk,depredation,Expurgate,Schadenfreude,,,,,,,previous,ingredient,,,fortification,disillusion,decadent,erudite,expansive,elicit,debunk,depredation,expurgate,schadenfreude
,primary,input,,,Fruitless,Disincentive,Decry,Eschew,facilitate,elude,decry,desecrate,Extant,Scintilla,,,,,,,primary,input,,,fruitless,disincentive,decry,eschew,facilitate,elude,decry,desecrate,extant,scintilla
,privilege,insert,,,Gallant,Disinterested,Degenerate,Ethereal,fanaticism,emanate,defile,diadem,Extenuate,Semiotics,,,,,,,privilege,insert,,,gallant,disinterested,degenerate,ethereal,fanaticism,emanate,defile,diadem,extenuate,semiotics
,proceed,inspire,,,Generic,Disseminate,Deluge,Exacting,fidelity,embankment,deft,diatribe,Extirpate,Septum,,,,,,,proceed,inspire,,,generic,disseminate,deluge,exacting,fidelity,embankment,deft,diatribe,extirpate,septum
,product,intercept,,,Genre,Dissident,Delusive,Exhort,flaunt,embodiment,degenerate,dichotomy,Factious,Sessile,,,,,,,product,intercept,,,genre,dissident,delusive,exhort,flaunt,embodiment,degenerate,dichotomy,factious,sessile
,profit,internal,,,Gingerly,Dissuade,Demeanor,Exponent,fluctuate,emigrate,delectable,diffident,Farrago,Shibboleth,,,,,,,profit,internal,,,gingerly,dissuade,demeanor,exponent,fluctuate,emigrate,delectable,diffident,farrago,shibboleth
,publication,introduce,,,Glut,Distraught,Demure,Expunge,formative,empathy,deliberate,diffuse,Fatuous,Sidereal,,,,,,,publication,introduce,,,glut,distraught,demure,expunge,formative,empathy,deliberate,diffuse,fatuous,sidereal
,quantity,invade,,,Gratification,Divergent,Denigrate,Extraneous,formulate,emulate,delusive,diminution,Febrile,Sisyphean,,,,,,,quantity,invade,,,gratification,divergent,denigrate,extraneous,formulate,emulate,delusive,diminution,febrile,sisyphean
,realize,irregular,,,Hamper,Diversion,Deplete,Factitious,fortification,ensue,demeanor,diorama,Feckless,Skullduggery,,,,,,,realize,irregular,,,hamper,diversion,deplete,factitious,fortification,ensue,demeanor,diorama,feckless,skullduggery
,recognize,isolated,,,Heed,Dormant,Deportment,Farce,fossilized,enthrall,demure,disburse,Fecundity,Sodden,,,,,,,recognize,isolated,,,heed,dormant,deportment,farce,fossilized,enthrall,demure,disburse,fecundity,sodden
,reduce,labor,,,Homage,Dreary,Deprecate,Fervid,frivolous,epitaph,denigrate,disconsolate,Fetid,Solarium,,,,,,,reduce,labor,,,homage,dreary,deprecate,fervid,frivolous,epitaph,denigrate,disconsolate,fetid,solarium
,regulation,locate,,,Humanitarian,Duplicity,Derelict,Fester,fruitless,epitome,deportment,discrete,Flaccid,Solipsism,,,,,,,regulation,locate,,,humanitarian,duplicity,derelict,fester,fruitless,epitome,deportment,discrete,flaccid,solipsism
,relax,magnificent,,,Illustrative,Eccentric,Derision,Fiat,futile,errant,deprecate,discursive,Foment,Sophist,,,,,,,relax,magnificent,,,illustrative,eccentric,derision,fiat,futile,errant,deprecate,discursive,foment,sophist
,release,manual,,,Immerse,Eclipse,Despondent,Figurehead,generic,esoteric,derelict,disingenuous,Fractious,Splenetic,,,,,,,release,manual,,,immerse,eclipse,despondent,figurehead,generic,esoteric,derelict,disingenuous,fractious,splenetic
,reliable,mature,,,Immobile,Ecstatic,Diabolical,Finesse,genre,euphoria,derision,disparage,Fulminate,Spoonerism,,,,,,,reliable,mature,,,immobile,ecstatic,diabolical,finesse,genre,euphoria,derision,disparage,fulminate,spoonerism
,remove,maximum,,,Impair,Edict,Digress,Fledgling,gingerly,exasperate,despondent,disquiet,Fulsome,Stochastic,,,,,,,remove,maximum,,,impair,edict,digress,fledgling,gingerly,exasperate,despondent,disquiet,fulsome,stochastic
,request,meadow,,,Impediment,Edifice,Disconcert,Flippant,gratification,exemplary,despot,dour,Fungible,Supererogatory,,,,,,,request,meadow,,,impediment,edifice,disconcert,flippant,gratification,exemplary,despot,dour,fungible,supererogatory
,reserve,mere,,,Impending,Efficacy,Discordant,Florid,gullible,exorbitant,diabolical,draconian,Gainsay,Supernumerary,,,,,,,reserve,mere,,,impending,efficacy,discordant,florid,gullible,exorbitant,diabolical,draconian,gainsay,supernumerary
,resource,minority,,,Impenetrable,Elicit,Disparate,Foible,harmonious,expedient,dictum,droll,Gambol,Suzerain,,,,,,,resource,minority,,,impenetrable,elicit,disparate,foible,harmonious,expedient,dictum,droll,gambol,suzerain
,respect,mock,,,Imperative,Embankment,Disparity,Fortuitous,havoc,expedite,digress,duress,Gauche,Syllogism,,,,,,,respect,mock,,,imperative,embankment,disparity,fortuitous,havoc,expedite,digress,duress,gauche,syllogism
,respond,moisture,,,Implicit,Embodiment,Dispersal,Fracas,hindrance,explicate,disconcert,ecclesiastical,Genuflect,Termagant,,,,,,,respond,moisture,,,implicit,embodiment,dispersal,fracas,hindrance,explicate,disconcert,ecclesiastical,genuflect,termagant
,role,monitor,,,Imposition,Empathy,Disposed,Functionary,homage,exposition,discordant,eclectic,Gerrymander,Troika,,,,,,,role,monitor,,,imposition,empathy,disposed,functionary,homage,exposition,discordant,eclectic,gerrymander,troika
,satisfied,moral,,,Impoverished,Emphatic,Dissipate,Furtive,homogeneous,extravaganza,disparate,edification,Glutinous,Tropism,,,,,,,satisfied,moral,,,impoverished,emphatic,dissipate,furtive,homogeneous,extravaganza,disparate,edification,glutinous,tropism
,scarce,motivation,,,Improvise,Ensue,Dissolution,Gargantuan,hypocritical,exuberance,disparity,efface,Gossamer,Truckle,,,,,,,scarce,motivation,,,improvise,ensue,dissolution,gargantuan,hypocritical,exuberance,disparity,efface,gossamer,truckle
,schedule,mural,,,Impulsive,Enthrall,Dissonance,Garish,hypothetical,facade,disposed,effervescent,Harangue,Tumescent,,,,,,,schedule,mural,,,impulsive,enthrall,dissonance,garish,hypothetical,facade,disposed,effervescent,harangue,tumescent
,section,narrator,,,Incarcerate,Epitaph,Divest,Germane,illustrious,facet,dissolution,effusive,Hegemony,Ululation,,,,,,,section,narrator,,,incarcerate,epitaph,divest,germane,illustrious,facet,dissolution,effusive,hegemony,ululation
,seldom,native,,,Incidental,Epitome,Divulge,Gesticulate,impediment,fallacy,dissonance,egregious,Hermetic,Usury,,,,,,,seldom,native,,,incidental,epitome,divulge,gesticulate,impediment,fallacy,dissonance,egregious,hermetic,usury
,select,navigate,,,Incite,Eradicate,Docile,Gilded,impending,fathom,diurnal,egress,Heterodox,Uxorious,,,,,,,select,navigate,,,incite,eradicate,docile,gilded,impending,fathom,diurnal,egress,heterodox,uxorious
,senseless,negotiate,,,Incompatible,Errant,Dupe,Glib,impenetrable,fiasco,divest,elegy,Histrionic,Vertiginous,,,,,,,senseless,negotiate,,,incompatible,errant,dupe,glib,impenetrable,fiasco,divest,elegy,histrionic,vertiginous
,separate,noble,,,Inconsistency,Excise,Dwindle,Gloss,imperative,figurative,divulge,emaciated,Homily,Virago,,,,,,,separate,noble,,,inconsistency,excise,dwindle,gloss,imperative,figurative,divulge,emaciated,homily,virago
,signal,numerous,,,Indeterminate,Exclusion,Ebullient,Gubernatorial,implicit,fissure,docile,ensconce,Hubris,Vitreous,,,,,,,signal,numerous,,,indeterminate,exclusion,ebullient,gubernatorial,implicit,fissure,docile,ensconce,hubris,vitreous
,situation,occupy,,,Indicative,Excruciating,Ecumenical,Harbinger,imposition,flagrant,dogmatic,epiphany,Iconoclast,Weal,,,,,,,situation,occupy,,,indicative,excruciating,ecumenical,harbinger,imposition,flagrant,dogmatic,epiphany,iconoclast,weal
,standard,offend,,,Inevitable,Excursion,Effigy,Heinous,impoverished,flamboyant,domicile,erudite,Imbroglio,Wont,,,,,,,standard,offend,,,inevitable,excursion,effigy,heinous,impoverished,flamboyant,domicile,erudite,imbroglio,wont
,substitute,opponent,,,Inference,Exemplary,Elocution,Homologous,improvise,fleeting,ebullient,euphemism,Immanent,Wunderkind,,,,,,,substitute,opponent,,,inference,exemplary,elocution,homologous,improvise,fleeting,ebullient,euphemism,immanent,wunderkind
,support,option,,,Ingenuity,Expedient,Elucidate,Humdrum,impulsive,forage,echelon,exacerbate,Impecunious,Yeoman,,,,,,,support,option,,,ingenuity,expedient,elucidate,humdrum,impulsive,forage,echelon,exacerbate,impecunious,yeoman
,surface,outcome,,,Inhospitable,Expedite,Elude,Idyll,inanimate,forlorn,ecumenical,exhort,Imprimatur,ĞĞĞ,,,,,,,surface,outcome,,,inhospitable,expedite,elude,idyll,inanimate,forlorn,ecumenical,exhort,imprimatur,ğğğ
,talent,participate,,,Integrate,Explicate,Emanate,Imbue,inaugural,formidable,effigy,exhume,Impugn,,,,,,,,talent,participate,,,integrate,explicate,emanate,imbue,inaugural,formidable,effigy,exhume,impugn,
,technology,perish,,,Interim,Exposition,Embellish,Imperious,incarcerate,frugal,elocution,exponent,Inchoate,,,,,,,,technology,perish,,,interim,exposition,embellish,imperious,incarcerate,frugal,elocution,exponent,inchoate,
,terror,possess,,,Intervene,Exuberance,Emigrate,Imperturbable,incompatible,gaunt,elucidate,expropriate,Incommensurate,,,,,,,,terror,possess,,,intervene,exuberance,emigrate,imperturbable,incompatible,gaunt,elucidate,expropriate,incommensurate,
,text,postpone,,,Invariable,Facade,Emissary,Inane,inconceivable,genteel,embellish,expunge,Incontrovertible,,,,,,,,text,postpone,,,invariable,facade,emissary,inane,inconceivable,genteel,embellish,expunge,incontrovertible,
,theory,poverty,,,Irreversible,Facet,Empirical,Incognito,inconclusive,gradient,emissary,extemporaneous,Ineluctable,,,,,,,,theory,poverty,,,irreversible,facet,empirical,incognito,inconclusive,gradient,emissary,extemporaneous,ineluctable,
,topic,practical,,,Jeopardy,Fallacy,Emulate,Inculcate,inconsequential,grandiose,empirical,extol,Ingenuous,,,,,,,,topic,practical,,,jeopardy,fallacy,emulate,inculcate,inconsequential,grandiose,empirical,extol,ingenuous,
,transfer,predict,,,Jubilant,Figurative,Enclave,Inductive,indispensable,granule,enclave,extradite,Ingratiate,,,,,,,,transfer,predict,,,jubilant,figurative,enclave,inductive,indispensable,granule,enclave,extradite,ingratiate,
,transmit,preserve,,,Judicious,Fissure,Encroachment,Indulgent,induce,gravity,encroachment,facetious,Ingress,,,,,,,,transmit,preserve,,,judicious,fissure,encroachment,indulgent,induce,gravity,encroachment,facetious,ingress,
,transparent,procedure,,,Kinetic,Flagrant,Encumber,Inebriated,ineffectual,gregarious,encumber,factitious,Insouciance,,,,,,,,transparent,procedure,,,kinetic,flagrant,encumber,inebriated,ineffectual,gregarious,encumber,factitious,insouciance,
,tropical,progress,,,Laborious,Flamboyant,Endemic,Inordinate,inference,grotesque,endemic,fallow,Internecine,,,,,,,,tropical,progress,,,laborious,flamboyant,endemic,inordinate,inference,grotesque,endemic,fallow,internecine,
,variety,prohibit,,,Lavish,Flaunt,Entourage,Interlocutor,infiltrate,haggard,engender,fastidious,Interregnum,,,,,,,,variety,prohibit,,,lavish,flaunt,entourage,interlocutor,infiltrate,haggard,engender,fastidious,interregnum,
,vehicle,pronunciation,,,Lethal,Fossilized,Enunciate,Interpose,ingenuity,hallmark,enigmatic,fealty,Intone,,,,,,,,vehicle,pronunciation,,,lethal,fossilized,enunciate,interpose,ingenuity,hallmark,enigmatic,fealty,intone,
,volume,pursue,,,Linger,Frivolous,Envisage,Inveterate,ingrained,hallowed,entourage,feign,Intransigent,,,,,,,,volume,pursue,,,linger,frivolous,envisage,inveterate,ingrained,hallowed,entourage,feign,intransigent,
,wilderness,qualify,,,Literal,Futile,Ephemeral,Irascible,inherent,harrowing,enunciate,feint,Inveigh,,,,,,,,wilderness,qualify,,,literal,futile,ephemeral,irascible,inherent,harrowing,enunciate,feint,inveigh,
,withdraw,random,,,Longevity,Genteel,Esoteric,Jocular,inhibit,heretic,envisage,fervid,Inveigle,,,,,,,,withdraw,random,,,longevity,genteel,esoteric,jocular,inhibit,heretic,envisage,fervid,inveigle,
,ĞĞĞ,reaction,,,Luminous,Gradient,Espouse,Juggernaut,initiate,heterogeneous,ephemeral,fete,Invidious,,,,,,,,ğğğ,reaction,,,luminous,gradient,espouse,juggernaut,initiate,heterogeneous,ephemeral,fete,invidious,
,,recommend,,,Luxuriant,Grandiose,Eulogy,Lamentable,innovation,hierarchy,eschew,fetter,Irreproachable,,,,,,,,,recommend,,,luxuriant,grandiose,eulogy,lamentable,innovation,hierarchy,eschew,fetter,irreproachable,
,,recovery,,,Malice,Granule,Euphoria,Latent,instigate,illusory,espouse,figurehead,Jejune,,,,,,,,,recovery,,,malice,granule,euphoria,latent,instigate,illusory,espouse,figurehead,jejune,
,,refer,,,Malignant,Gravity,Evocation,Latitude,integral,immaculate,ethereal,florid,Kitsch,,,,,,,,,refer,,,malignant,gravity,evocation,latitude,integral,immaculate,ethereal,florid,kitsch,
,,reform,,,Maximize,Gregarious,Exalt,Levity,interim,imminent,eulogy,flout,Lachrymose,,,,,,,,,reform,,,maximize,gregarious,exalt,levity,interim,imminent,eulogy,flout,lachrymose,
,,reign,,,Meager,Grotesque,Exasperate,Lien,intricate,impassioned,evocation,foist,Laconic,,,,,,,,,reign,,,meager,grotesque,exasperate,lien,intricate,impassioned,evocation,foist,laconic,
,,relate,,,Mediate,Gullible,Exonerate,Limber,introvert,impeccable,exacting,fortuitous,Lacuna,,,,,,,,,relate,,,mediate,gullible,exonerate,limber,introvert,impeccable,exacting,fortuitous,lacuna,
,,relation,,,Mediocre,Harmonious,Exorbitant,Lithe,irrelevant,impervious,exalt,frenetic,Lassitude,,,,,,,,,relation,,,mediocre,harmonious,exorbitant,lithe,irrelevant,impervious,exalt,frenetic,lassitude,
,,resident,,,Memorandum,Havoc,Expatriate,Litigate,jargon,impetus,exonerate,functionary,Laudatory,,,,,,,,,resident,,,memorandum,havoc,expatriate,litigate,jargon,impetus,exonerate,functionary,laudatory,
,,resist,,,Metropolitan,Hierarchy,Expound,Liturgy,jeopardy,implausible,expatriate,fusillade,Legerdemain,,,,,,,,,resist,,,metropolitan,hierarchy,expound,liturgy,jeopardy,implausible,expatriate,fusillade,legerdemain,
,,retain,,,Millennium,Hindrance,Extravaganza,Luminary,judicious,impromptu,expound,galvanize,Leviathan,,,,,,,,,retain,,,millennium,hindrance,extravaganza,luminary,judicious,impromptu,expound,galvanize,leviathan,
,,reveal,,,Miscellaneous,Homogeneous,Extricate,Magnanimity,kinetic,imprudent,extraneous,gambit,Limpid,,,,,,,,,reveal,,,miscellaneous,homogeneous,extricate,magnanimity,kinetic,imprudent,extraneous,gambit,limpid,
,,reverse,,,Moderation,Hypocritical,Exude,Magnate,laborious,incessant,extricate,gamut,Lineament,,,,,,,,,reverse,,,moderation,hypocritical,exude,magnate,laborious,incessant,extricate,gamut,lineament,
,,revert,,,Monumental,Hypothetical,Exult,Malaise,lattice,incoherent,exude,garrulous,Lionize,,,,,,,,,revert,,,monumental,hypothetical,exult,malaise,lattice,incoherent,exude,garrulous,lionize,
,,rigid,,,Morale,Illustrious,Facile,Malfeasance,lavish,incongruous,exult,germane,Lissome,,,,,,,,,rigid,,,morale,illustrious,facile,malfeasance,lavish,incongruous,exult,germane,lissome,
,,scenario,,,Naive,Immaculate,Fathom,Malleable,longevity,incumbent,facile,gesticulate,Littoral,,,,,,,,,scenario,,,naive,immaculate,fathom,malleable,longevity,incumbent,facile,gesticulate,littoral,
,,sequence,,,Negligent,Imminent,Felicity,Maverick,luminous,indelible,farce,gloss,Lugubrious,,,,,,,,,sequence,,,negligent,imminent,felicity,maverick,luminous,indelible,farce,gloss,lugubrious,
,,simplify,,,Nimble,Impassioned,Fiasco,Melee,luxuriant,indifferent,felicity,grandiloquent,Machination,,,,,,,,,simplify,,,nimble,impassioned,fiasco,melee,luxuriant,indifferent,felicity,grandiloquent,machination,
,,solo,,,Norm,Impeccable,Filial,Mercurial,malice,indigenous,fester,grouse,Macrocosm,,,,,,,,,solo,,,norm,impeccable,filial,mercurial,malice,indigenous,fester,grouse,macrocosm,
,,solution,,,Notorious,Impervious,Fleeting,Mesmerize,malignant,indignant,fiat,guttural,Malapropism,,,,,,,,,solution,,,notorious,impervious,fleeting,mesmerize,malignant,indignant,fiat,guttural,malapropism,
,,specific,,,Novice,Impetus,Forage,Meteoric,mediocre,indoctrinate,fiduciary,hackneyed,Manacle,,,,,,,,,specific,,,novice,impetus,forage,meteoric,mediocre,indoctrinate,fiduciary,hackneyed,manacle,
,,strategy,,,Nurture,Implausible,Forlorn,Missive,melancholy,inept,filial,halcyon,Martinet,,,,,,,,,strategy,,,nurture,implausible,forlorn,missive,melancholy,inept,filial,halcyon,martinet,
,,submit,,,Obliterate,Impromptu,Formidable,Mitigate,memorandum,inert,finesse,hapless,Mawkish,,,,,,,,,submit,,,obliterate,impromptu,formidable,mitigate,memorandum,inert,finesse,hapless,mawkish,
,,sufficient,,,Ominous,Imprudent,Forte,Monastic,metaphor,inestimable,fledgling,hedonism,Melange,,,,,,,,,sufficient,,,ominous,imprudent,forte,monastic,metaphor,inestimable,fledgling,hedonism,melange,
,,summarize,,,Optimist,Inanimate,Fortitude,Myriad,metropolitan,infallible,flippant,heuristic,Mellifluous,,,,,,,,,summarize,,,optimist,inanimate,fortitude,myriad,metropolitan,infallible,flippant,heuristic,mellifluous,
,,summit,,,Orient,Inaugural,Frugal,Nascent,moderation,infamous,foible,homologous,Mendicant,,,,,,,,,summit,,,orient,inaugural,frugal,nascent,moderation,infamous,foible,homologous,mendicant,
,,survive,,,Override,Incessant,Fruition,Nebulous,monotonous,infirmity,forte,idyll,Meretricious,,,,,,,,,survive,,,override,incessant,fruition,nebulous,monotonous,infirmity,forte,idyll,meretricious,
,,sustain,,,Parable,Inconceivable,Gaunt,Nemesis,monumental,inflammable,fortitude,ignominy,Miasma,,,,,,,,,sustain,,,parable,inconceivable,gaunt,nemesis,monumental,inflammable,fortitude,ignominy,miasma,
,,taunt,,,Patronize,Inconclusive,Gestation,Neophyte,morale,infringe,fracas,imperious,Misanthrope,,,,,,,,,taunt,,,patronize,inconclusive,gestation,neophyte,morale,infringe,fracas,imperious,misanthrope,
,,technique,,,Perilous,Inconsequential,Gradation,Nettle,naive,infusion,fruition,imperturbable,Moiety,,,,,,,,,technique,,,perilous,inconsequential,gradation,nettle,naive,infusion,fruition,imperturbable,moiety,
,,tense,,,Persevere,Indifferent,Gratuitous,Nexus,nocturnal,ingrate,fugue,impetuous,Mountebank,,,,,,,,,tense,,,persevere,indifferent,gratuitous,nexus,nocturnal,ingrate,fugue,impetuous,mountebank,
,,thermal,,,Piety,Indigenous,Haggard,Nuance,norm,injunction,furtive,incognito,Multifarious,,,,,,,,,thermal,,,piety,indigenous,haggard,nuance,norm,injunction,furtive,incognito,multifarious,
,,thesis,,,Placid,Indispensable,Hallmark,Obfuscate,notorious,innate,gargantuan,inculcate,Munificent,,,,,,,,,thesis,,,placid,indispensable,hallmark,obfuscate,notorious,innate,gargantuan,inculcate,munificent,
,,threat,,,Plight,Induce,Hallowed,Odious,novice,inquisitive,garish,indefatigable,Myopic,,,,,,,,,threat,,,plight,induce,hallowed,odious,novice,inquisitive,garish,indefatigable,myopic,
,,timid,,,Ponder,Ineffectual,Harrowing,Officious,nurture,insurrection,gentry,indemnify,Nefarious,,,,,,,,,timid,,,ponder,ineffectual,harrowing,officious,nurture,insurrection,gentry,indemnify,nefarious,
,,tolerate,,,Posterity,Infiltrate,Heretic,Oscillate,objective,interminable,gestation,indigent,Neologism,,,,,,,,,tolerate,,,posterity,infiltrate,heretic,oscillate,objective,interminable,gestation,indigent,neologism,
,,tragic,,,Potency,Ingrained,Heterogeneous,Ostensible,obliterate,intermittent,gilded,indolent,Noisome,,,,,,,,,tragic,,,potency,ingrained,heterogeneous,ostensible,obliterate,intermittent,gilded,indolent,noisome,
,,tremendous,,,Preamble,Inherent,Hiatus,Overt,ominous,intertwine,glib,inductive,Nonpareil,,,,,,,,,tremendous,,,preamble,inherent,hiatus,overt,ominous,intertwine,glib,inductive,nonpareil,
,,typical,,,Predatory,Inhibit,Hindsight,Palatable,omnipotent,intrinsic,gradation,inebriated,Obdurate,,,,,,,,,typical,,,predatory,inhibit,hindsight,palatable,omnipotent,intrinsic,gradation,inebriated,obdurate,
,,unstable,,,Predecessor,Initiate,Hyperbole,Palatial,omniscient,intrusive,gratuitous,ineffable,Obeisance,,,,,,,,,unstable,,,predecessor,initiate,hyperbole,palatial,omniscient,intrusive,gratuitous,ineffable,obeisance,
,,update,,,Predicament,Innate,Idiosyncratic,Panacea,parable,invulnerable,gubernatorial,inexorable,Obsequious,,,,,,,,,update,,,predicament,innate,idiosyncratic,panacea,parable,invulnerable,gubernatorial,inexorable,obsequious,
,,variable,,,Predominant,Innovation,Idolatry,Panache,paradox,ironic,harbinger,inordinate,Obstreperous,,,,,,,,,variable,,,predominant,innovation,idolatry,panache,paradox,ironic,harbinger,inordinate,obstreperous,
,,vast,,,Prelude,Instigate,Illusory,Pander,paramount,irrefutable,heinous,insinuation,Obtrude,,,,,,,,,vast,,,prelude,instigate,illusory,pander,paramount,irrefutable,heinous,insinuation,obtrude,
,,version,,,Prevail,Integral,Imbibe,Paradigm,paraphrase,irrevocable,hiatus,interdict,Obverse,,,,,,,,,version,,,prevail,integral,imbibe,paradigm,paraphrase,irrevocable,hiatus,interdict,obverse,
,,virtual,,,Procrastinate,Intermittent,Immutable,Parlance,patronize,jaded,hindsight,interlocutor,Opprobrium,,,,,,,,,virtual,,,procrastinate,intermittent,immutable,parlance,patronize,jaded,hindsight,interlocutor,opprobrium,
,,vocabulary,,,Profound,Intertwine,Impasse,Parochial,perennial,jostle,humdrum,interloper,Overweening,,,,,,,,,vocabulary,,,profound,intertwine,impasse,parochial,perennial,jostle,humdrum,interloper,overweening,
,,void,,,Propel,Intricate,Impassive,Pedantic,perilous,jovial,hyperbole,interpolate,Paean,,,,,,,,,void,,,propel,intricate,impassive,pedantic,perilous,jovial,hyperbole,interpolate,paean,
,,voluntary,,,Protocol,Intrinsic,Imperceptible,Peremptory,periphery,labyrinthine,idiosyncratic,interpose,Palliative,,,,,,,,,voluntary,,,protocol,intrinsic,imperceptible,peremptory,periphery,labyrinthine,idiosyncratic,interpose,palliative,
,,weary,,,Proximity,Introvert,Impertinent,Permutation,pervasive,lethargic,idolatry,interstitial,Panegyric,,,,,,,,,weary,,,proximity,introvert,impertinent,permutation,pervasive,lethargic,idolatry,interstitial,panegyric,
,,ĞĞĞ,,,Purge,Invulnerable,Impinge,Pillage,piety,liaison,imbibe,invective,Panoply,,,,,,,,,ğğğ,,,purge,invulnerable,impinge,pillage,piety,liaison,imbibe,invective,panoply,
,,,,,Radiant,Irrelevant,Implacable,Piquant,placid,liquidate,imbue,inveterate,Paroxysm,,,,,,,,,,,,radiant,irrelevant,implacable,piquant,placid,liquidate,imbue,inveterate,,
,,,,,Rationale,Irrevocable,Impregnable,Plastic,plight,loathsome,immutable,irascible,Parsimonious,,,,,,,,,,,,rationale,irrevocable,impregnable,plastic,plight,loathsome,immutable,irascible,,
,,,,,Ravage,Jargon,Impunity,Plaudit,porous,lucid,impasse,iridescent,Pastiche,,,,,,,,,,,,ravage,jargon,impunity,plaudit,porous,lucid,impasse,iridescent,,
,,,,,Ravenous,Jostle,Impute,Plethora,posterity,lucrative,impassive,irresolute,Patina,,,,,,,,,,,,ravenous,jostle,impute,plethora,posterity,lucrative,impassive,irresolute,,
,,,,,Rectify,Lattice,Inadvertent,Polyglot,potency,ludicrous,imperceptible,jaundiced,Patois,,,,,,,,,,,,rectify,lattice,inadvertent,polyglot,potency,ludicrous,imperceptible,jaundiced,,
,,,,,Referendum,Liaison,Inalienable,Poseur,preamble,lustrous,impertinent,jettison,Peccadillo,,,,,,,,,,,,referendum,liaison,inalienable,poseur,preamble,lustrous,impertinent,jettison,,
,,,,,Refined,Liquidate,Incendiary,Postulate,predecessor,malevolent,impinge,jocular,Pellucid,,,,,,,,,,,,refined,liquidate,incendiary,postulate,predecessor,malevolent,impinge,jocular,,
,,,,,Refrain,Lucid,Inception,Prattle,predicament,mandate,implacable,juxtaposition,Penury,,,,,,,,,,,,refrain,lucid,inception,prattle,predicament,mandate,implacable,juxtaposition,,
,,,,,Refurbish,Ludicrous,Incipient,Presage,predominant,meander,impregnable,lackadaisical,Peregrination,,,,,,,,,,,,refurbish,ludicrous,incipient,presage,predominant,meander,impregnable,lackadaisical,,
,,,,,Regime,Lustrous,Incisive,Prescient,procrastinate,medley,impudence,lackey,Perfidious,,,,,,,,,,,,regime,lustrous,incisive,prescient,procrastinate,medley,impudence,lackey,,
,,,,,Remnant,Malevolent,Incoherent,Probity,procure,melodramatic,impunity,largess,Perfunctory,,,,,,,,,,,,remnant,malevolent,incoherent,probity,procure,melodramatic,impunity,largess,,
,,,,,Remorse,Mandate,Incommunicado,Prodigal,prophetic,mercenary,impute,latent,Peroration,,,,,,,,,,,,remorse,mandate,incommunicado,prodigal,prophetic,mercenary,impute,latent,,
,,,,,Resignation,Medley,Incongruous,Prodigious,protocol,metamorphosis,inadvertent,latitude,Perquisite,,,,,,,,,,,,resignation,medley,incongruous,prodigious,protocol,metamorphosis,inadvertent,latitude,,
,,,,,Retaliate,Melancholy,Inconsolable,Proffer,proximity,meticulous,inalienable,levity,Perspicacity,,,,,,,,,,,,retaliate,melancholy,inconsolable,proffer,proximity,meticulous,inalienable,levity,,
,,,,,Reversion,Melodramatic,Inconspicuous,Proletarian,purge,misgiving,inane,lien,Pertinacious,,,,,,,,,,,,reversion,melodramatic,inconspicuous,proletarian,purge,misgiving,inane,lien,,
,,,,,Ridicule,Mercenary,Incorrigible,Putrid,quarantine,momentous,incendiary,listless,Phlegmatic,,,,,,,,,,,,ridicule,mercenary,incorrigible,putrid,quarantine,momentous,incendiary,listless,,
,,,,,Rigorous,Metaphor,Incumbent,Quagmire,ransack,monochrome,inception,litany,Picayune,,,,,,,,,,,,rigorous,metaphor,incumbent,quagmire,ransack,monochrome,inception,litany,,
,,,,,Robust,Misgiving,Incursion,Qualm,ratification,mundane,incipient,luminary,Pillory,,,,,,,,,,,,robust,misgiving,incursion,qualm,ratification,mundane,incipient,luminary,,
,,,,,Ruthless,Momentous,Indelible,Quandary,rationale,neurotic,incisive,macabre,Plaintive,,,,,,,,,,,,ruthless,momentous,indelible,quandary,rationale,neurotic,incisive,macabre,,
,,,,,Sanction,Monotonous,Indignant,Quaver,ravage,nominal,incommunicado,maelstrom,Platitude,,,,,,,,,,,,sanction,monotonous,indignant,quaver,ravage,nominal,incommunicado,maelstrom,,
,,,,,Satire,Neurotic,Indiscreet,Quiescence,ravenous,noncommittal,inconsolable,magnanimity,Plenary,,,,,,,,,,,,satire,neurotic,indiscreet,quiescence,ravenous,noncommittal,inconsolable,magnanimity,,
,,,,,Seclusion,Nocturnal,Indoctrinate,Rapt,rectify,nonconformist,inconspicuous,magnate,Plenipotentiary,,,,,,,,,,,,seclusion,nocturnal,indoctrinate,rapt,rectify,nonconformist,inconspicuous,magnate,,
,,,,,Secrete,Nominal,Indomitable,Rebuff,referendum,nostalgic,incorrigible,malaise,Polemic,,,,,,,,,,,,secrete,nominal,indomitable,rebuff,referendum,nostalgic,incorrigible,malaise,,
,,,,,Sedentary,Noncommittal,Inept,Recalcitrant,refrain,noxious,incursion,malfeasance,Potentate,,,,,,,,,,,,sedentary,noncommittal,inept,recalcitrant,refrain,noxious,incursion,malfeasance,,
,,,,,Senile,Nonconformist,Inert,Rectitude,refurbish,nullify,indiscreet,maudlin,Predilection,,,,,,,,,,,,senile,nonconformist,inert,rectitude,refurbish,nullify,indiscreet,maudlin,,
,,,,,Serene,Noxious,Inestimable,Regale,regime,oblique,indomitable,megalomania,Prefatory,,,,,,,,,,,,serene,noxious,inestimable,regale,regime,oblique,indomitable,megalomania,,
,,,,,Sever,Nullify,Infallible,Rejoinder,rehabilitate,oblivious,indulgent,melee,Prevaricate,,,,,,,,,,,,sever,nullify,infallible,rejoinder,rehabilitate,oblivious,indulgent,melee,,
,,,,,Simultaneous,Objective,Infamous,Rescind,reimburse,obstinate,infinitesimal,mendacious,Privation,,,,,,,,,,,,simultaneous,objective,infamous,rescind,reimburse,obstinate,infinitesimal,mendacious,,
,,,,,Skeptic,Oblivious,Infirmity,Restitution,relinquish,omnipresent,inflection,mercurial,Proclivity,,,,,,,,,,,,skeptic,oblivious,infirmity,restitution,relinquish,omnipresent,inflection,mercurial,,
,,,,,Snub,Obstinate,Inflammable,Reticent,reminiscent,opaque,inimical,mettle,Profligate,,,,,,,,,,,,snub,obstinate,inflammable,reticent,reminiscent,opaque,inimical,mettle,,
,,,,,Solemn,Omnipotent,Inflection,Revelry,remnant,oppress,inimitable,minion,Prognosticate,,,,,,,,,,,,solemn,omnipotent,inflection,revelry,remnant,oppress,inimitable,minion,,
,,,,,Solitary,Omniscient,Infringe,Reverberate,renovate,ornate,iniquity,misogynist,Prolix,,,,,,,,,,,,solitary,omniscient,infringe,reverberate,renovate,ornate,iniquity,misogynist,,
,,,,,Sovereign,Oppress,Infusion,Reverie,repercussion,outlay,innocuous,missive,Propinquity,,,,,,,,,,,,sovereign,oppress,infusion,reverie,repercussion,outlay,innocuous,missive,,
,,,,,Spectrum,Ornate,Ingrate,Rife,replenish,paltry,inopportune,modicum,Propitiate,,,,,,,,,,,,spectrum,ornate,ingrate,rife,replenish,paltry,inopportune,modicum,,
,,,,,Stationary,Pantheon,Inimical,Riposte,repulsive,pandemonium,inscrutable,moratorium,Proscribe,,,,,,,,,,,,stationary,pantheon,inimical,riposte,repulsive,pandemonium,inscrutable,moratorium,,
,,,,,Stature,Paradox,Iniquity,Rubric,requisite,panoramic,insidious,moribund,Proselytize,,,,,,,,,,,,stature,paradox,iniquity,rubric,requisite,panoramic,insidious,moribund,,
,,,,,Statutory,Paramount,Injunction,Sacrilegious,resolve,pantheon,insipid,motley,Protean,,,,,,,,,,,,statutory,paramount,injunction,sacrilegious,resolve,pantheon,insipid,motley,,
,,,,,Stint,Paranoia,Innocuous,Sacrosanct,retaliate,paranoia,insular,nadir,Puerile,,,,,,,,,,,,stint,paranoia,innocuous,sacrosanct,retaliate,paranoia,insular,nadir,,
,,,,,Stupendous,Paraphernalia,Inquisitive,Sardonic,retort,paraphernalia,intelligentsia,nascent,Pulchritude,,,,,,,,,,,,stupendous,paraphernalia,inquisitive,sardonic,retort,paraphernalia,intelligentsia,nascent,,
,,,,,Subdue,Paraphrase,Inscrutable,Satiate,reversion,pare,interject,neophyte,Punctilious,,,,,,,,,,,,subdue,paraphrase,inscrutable,satiate,reversion,pare,interject,neophyte,,
,,,,,Submissive,Pare,Insidious,Saunter,rhetoric,parody,intersperse,nepotism,Purgative,,,,,,,,,,,,submissive,pare,insidious,saunter,rhetoric,parody,intersperse,nepotism,,
,,,,,Subordinate,Parody,Insipid,Scrupulous,rubble,patriarch,intractable,nexus,Purloin,,,,,,,,,,,,subordinate,parody,insipid,scrupulous,rubble,patriarch,intractable,nexus,,
,,,,,Subtle,Patriarch,Insular,Sectarian,rustic,pedigree,intrepid,nondescript,Purvey,,,,,,,,,,,,subtle,patriarch,insular,sectarian,rustic,pedigree,intrepid,nondescript,,
,,,,,Subversive,Pedigree,Insurrection,Seminal,sabotage,penance,introspective,obfuscate,Purview,,,,,,,,,,,,subversive,pedigree,insurrection,seminal,sabotage,penance,introspective,obfuscate,,
,,,,,Superlative,Penance,Interminable,Sentient,saga,pensive,inundate,occlude,Pusillanimous,,,,,,,,,,,,superlative,penance,interminable,sentient,saga,pensive,inundate,occlude,,
,,,,,Surge,Pensive,Intersperse,Serpentine,sanction,permeate,irreconcilable,officious,Putrefy,,,,,,,,,,,,surge,pensive,intersperse,serpentine,sanction,permeate,irreconcilable,officious,,
,,,,,Sustainable,Perennial,Intractable,Shard,satire,perpetrate,itinerant,olfactory,Querulous,,,,,,,,,,,,sustainable,perennial,intractable,shard,satire,perpetrate,itinerant,olfactory,,
,,,,,Symmetry,Periphery,Intrepid,Sinuous,seasoned,perpetuate,juggernaut,omnibus,Raconteur,,,,,,,,,,,,symmetry,periphery,intrepid,sinuous,seasoned,perpetuate,juggernaut,omnibus,,
,,,,,Teeming,Perpetrate,Introsp-ective,Skittish,secular,perplexed,lamentable,opus,Rapacious,,,,,,,,,,,,teeming,perpetrate,introsp-ective,skittish,secular,perplexed,lamentable,opus,,
,,,,,Temperance,Pervasive,Intrusive,Slovenly,sedentary,pestilence,languid,orthography,Rapscallion,,,,,,,,,,,,temperance,pervasive,intrusive,slovenly,sedentary,pestilence,languid,orthography,,
,,,,,Tenacious,Philanthropy,Inundate,Solvency,senile,philanthropy,lexicon,ossify,Rarefy,,,,,,,,,,,,tenacious,philanthropy,inundate,solvency,senile,philanthropy,lexicon,ossify,,
,,,,,Terrestrial,Pinnacle,Ironic,Somatic,serene,pinnacle,limber,ostensible,Recognizance,,,,,,,,,,,,terrestrial,pinnacle,ironic,somatic,serene,pinnacle,limber,ostensible,,
,,,,,Therapeutic,Poignant,Irreconcilable,Somnolent,sinister,pivotal,lithe,ostracize,Recondite,,,,,,,,,,,,therapeutic,poignant,irreconcilable,somnolent,sinister,pivotal,lithe,ostracize,,
,,,,,Torrential,Porous,Irrefutable,Sordid,skeptic,plagiarism,litigate,panacea,Reconnoiter,,,,,,,,,,,,torrential,porous,irrefutable,sordid,skeptic,plagiarism,litigate,panacea,,
,,,,,Traverse,Precarious,Itinerant,Spate,sovereign,plunder,liturgy,panache,Redolent,,,,,,,,,,,,traverse,precarious,itinerant,spate,sovereign,plunder,liturgy,panache,,
,,,,,Trivial,Preclude,Jaded,Spurious,spatial,poignant,livid,paradigm,Redoubtable,,,,,,,,,,,,trivial,preclude,jaded,spurious,spatial,poignant,livid,paradigm,,
,,,,,Turbulence,Preconception,Jovial,Squalor,squander,pompous,loquacious,pariah,Redound,,,,,,,,,,,,turbulence,preconception,jovial,squalor,squander,pompous,loquacious,pariah,,
,,,,,Tyranny,Precursor,Labyrinthine,Squeamish,stagnant,posthumous,malady,parlance,Refractory,,,,,,,,,,,,tyranny,precursor,labyrinthine,squeamish,stagnant,posthumous,malady,parlance,,
,,,,,Unanimous,Predispose,Languid,Stolid,stature,pragmatic,malign,parochial,Refulgent,,,,,,,,,,,,unanimous,predispose,languid,stolid,stature,pragmatic,malign,parochial,,
,,,,,Unprecedented,Pretentious,Lethargic,Strident,statutory,precarious,malleable,paucity,Remiss,,,,,,,,,,,,unprecedented,pretentious,lethargic,strident,statutory,precarious,malleable,paucity,,
,,,,,Unprincipled,Primeval,Lexicon,Subjugate,stereotype,preclude,matriarch,pedantic,Reprobate,,,,,,,,,,,,unprincipled,primeval,lexicon,subjugate,stereotype,preclude,matriarch,pedantic,,
,,,,,Unquenchable,Procure,Livid,Succinct,strife,preconception,maverick,peremptory,Restive,,,,,,,,,,,,unquenchable,procure,livid,succinct,strife,preconception,maverick,peremptory,,
,,,,,Unrestrained,Profusion,Loathsome,Succulent,stupendous,precursor,maxim,peripatetic,Retrench,,,,,,,,,,,,unrestrained,profusion,loathsome,succulent,stupendous,precursor,maxim,peripatetic,,
,,,,,Unsightly,Prolific,Loquacious,Sundry,subdue,predispose,meritorious,permutation,Rotund,,,,,,,,,,,,unsightly,prolific,loquacious,sundry,subdue,predispose,meritorious,permutation,,
,,,,,Unsurpassed,Propensity,Lucrative,Supine,subterranean,pretentious,mesmerize,philistine,Saccharine,,,,,,,,,,,,unsurpassed,propensity,lucrative,supine,subterranean,pretentious,mesmerize,philistine,,
,,,,,Utopia,Prophetic,Malady,Supplicant,subtle,primeval,meteoric,piquant,Sagacious,,,,,,,,,,,,utopia,prophetic,malady,supplicant,subtle,primeval,meteoric,piquant,,
,,,,,Valiant,Propriety,Malign,Surreptitious,subversive,pristine,microcosm,plastic,Salubrious,,,,,,,,,,,,valiant,propriety,malign,surreptitious,subversive,pristine,microcosm,plastic,,
,,,,,Vengeful,Proverbial,Matriarch,Sylvan,succumb,profusion,milieu,plaudit,Salutary,,,,,,,,,,,,vengeful,proverbial,matriarch,sylvan,succumb,profusion,milieu,plaudit,,
,,,,,Versatile,Provisional,Maxim,Taciturn,superficial,progeny,minuscule,politic,Sanctimonious,,,,,,,,,,,,versatile,provisional,maxim,taciturn,superficial,progeny,minuscule,politic,,
,,,,,Viable,Pugnacious,Meander,Talisman,superlative,prolific,misapprehension,polyglot,Sartorial,,,,,,,,,,,,viable,pugnacious,meander,talisman,superlative,prolific,misapprehension,polyglot,,
,,,,,Vibrant,Punctuate,Meritorious,Tantalize,supplement,prone,misconstrue,pontificate,Saturnine,,,,,,,,,,,,vibrant,punctuate,meritorious,tantalize,supplement,prone,misconstrue,pontificate,,
,,,,,Vigor,Pungent,Metamorphosis,Tantamount,surge,propensity,misnomer,portent,Savant,,,,,,,,,,,,vigor,pungent,metamorphosis,tantamount,surge,propensity,misnomer,portent,,
,,,,,Vile,Quarantine,Meticulous,Tensile,susceptible,proponent,mitigate,poseur,Scurrilous,,,,,,,,,,,,vile,quarantine,meticulous,tensile,susceptible,proponent,mitigate,poseur,,
,,,,,Vintage,Radical,Microcosm,Tepid,synthesis,propriety,mollify,postulate,Sedulous,,,,,,,,,,,,vintage,radical,microcosm,tepid,synthesis,propriety,mollify,postulate,,
,,,,,ĞĞĞ,Ransack,Minuscule,Terse,temperance,protagonist,monastic,preen,Senescent,,,,,,,,,,,,ğğğ,ransack,minuscule,terse,temperance,protagonist,monastic,preen,,
,,,,,,Rebuke,Misapprehension,Tirade,tenacious,protrude,morose,presage,Sententious,,,,,,,,,,,,,rebuke,misapprehension,tirade,tenacious,protrude,morose,presage,,
,,,,,,Regression,Misconstrue,Torsion,tentative,proverbial,myriad,prescient,Serried,,,,,,,,,,,,,regression,misconstrue,torsion,tentative,proverbial,myriad,prescient,,
,,,,,,Rehabilitate,Misnomer,Tremulous,terrestrial,provincial,nebulous,probity,Simulacrum,,,,,,,,,,,,,rehabilitate,misnomer,tremulous,terrestrial,provincial,nebulous,probity,,
,,,,,,Reimburse,Mollify,Tutelage,torrential,provisional,nemesis,prodigal,Sinecure,,,,,,,,,,,,,reimburse,mollify,tutelage,torrential,provisional,nemesis,prodigal,,
,,,,,,Reinstate,Monochrome,Unflappable,tranquil,pseudonym,nettle,prodigious,Soporific,,,,,,,,,,,,,reinstate,monochrome,unflappable,tranquil,pseudonym,nettle,prodigious,,
,,,,,,Reiterate,Monolith,Unrequited,traverse,pugnacious,nomenclature,proffer,Specious,,,,,,,,,,,,,reiterate,monolith,unrequited,traverse,pugnacious,nomenclature,proffer,,
,,,,,,Relinquish,Morose,Unseemly,trifle,punctuate,nonchalant,progenitor,Stentorian,,,,,,,,,,,,,relinquish,morose,unseemly,trifle,punctuate,nonchalant,progenitor,,
,,,,,,Remedial,Mundane,Urbane,trivial,pungent,notional,proletarian,Striation,,,,,,,,,,,,,remedial,mundane,urbane,trivial,pungent,notional,proletarian,,
,,,,,,Reminiscent,Nomenclature,Vagary,turmoil,quell,nuance,promontory,Stultify,,,,,,,,,,,,,reminiscent,nomenclature,vagary,turmoil,quell,nuance,promontory,,
,,,,,,Renovate,Nonchalant,Vassal,unanimous,quorum,obsolescent,promulgate,Suborn,,,,,,,,,,,,,renovate,nonchalant,vassal,unanimous,quorum,obsolescent,promulgate,,
,,,,,,Repercussion,Nostalgic,Vaunted,undermine,radical,obtuse,prophylactic,Subterfuge,,,,,,,,,,,,,repercussion,nostalgic,vaunted,undermine,radical,obtuse,prophylactic,,
,,,,,,Repertoire,Notional,Venal,unison,ramble,obviate,prosaic,Superannuated,,,,,,,,,,,,,repertoire,notional,venal,unison,ramble,obviate,prosaic,,
,,,,,,Replenish,Oblique,Vendetta,unprecedented,ramification,odious,protuberance,Supercilious,,,,,,,,,,,,,replenish,oblique,vendetta,unprecedented,ramification,odious,protuberance,,
,,,,,,Repository,Obsolescent,Verdant,unquenchable,rampant,onerous,provenance,Surfeit,,,,,,,,,,,,,repository,obsolescent,verdant,unquenchable,rampant,onerous,provenance,,
,,,,,,Repulsive,Obtuse,Vernacular,unrestrained,rant,opine,providential,Svelte,,,,,,,,,,,,,repulsive,obtuse,vernacular,unrestrained,rant,opine,providential,,
,,,,,,Requisite,Obviate,Vernal,unsightly,rapport,opulent,putative,Sybarite,,,,,,,,,,,,,requisite,obviate,vernal,unsightly,rapport,opulent,putative,,
,,,,,,Resolve,Omnipresent,Vertigo,unsurpassed,raucous,oscillate,putrid,Sycophant,,,,,,,,,,,,,resolve,omnipresent,vertigo,unsurpassed,raucous,oscillate,putrid,,
,,,,,,Resounding,Opaque,Vestige,vengeful,rebuke,ostentatious,quaff,Synoptic,,,,,,,,,,,,,resounding,opaque,vestige,vengeful,rebuke,ostentatious,quaff,,
,,,,,,Retention,Opulent,Vignette,versatile,reciprocate,overt,quiescence,Tautology,,,,,,,,,,,,,retention,opulent,vignette,versatile,reciprocate,overt,quiescence,,
,,,,,,Retort,Ostentatious,Vindicate,viable,redundant,palatable,quixotic,Temporize,,,,,,,,,,,,,retort,ostentatious,vindicate,viable,redundant,palatable,quixotic,,
,,,,,,Retribution,Outlay,Visage,vibrant,regression,palatial,rapprochement,Tenable,,,,,,,,,,,,,retribution,outlay,visage,vibrant,regression,palatial,rapprochement,,
,,,,,,Rhetoric,Pallid,Visceral,vicious,regurgitate,pallid,rapt,Tendentious,,,,,,,,,,,,,rhetoric,pallid,visceral,vicious,regurgitate,pallid,rapt,,
,,,,,,Rubble,Palpable,Vociferous,vile,reinstate,palpable,recalcitrant,Titular,,,,,,,,,,,,,rubble,palpable,vociferous,vile,reinstate,palpable,recalcitrant,,
,,,,,,Rudimentary,Pandemic,Voluble,vintage,reiterate,pandemic,recapitulate,Toothsome,,,,,,,,,,,,,rudimentary,pandemic,voluble,vintage,reiterate,pandemic,recapitulate,,
,,,,,,Rustic,Pandemonium,Wallow,vogue,rejuvenate,pander,rectitude,Torpor,,,,,,,,,,,,,rustic,pandemonium,wallow,vogue,rejuvenate,pander,rectitude,,
,,,,,,Sabotage,Panoramic,Whet,wary,remedial,paragon,recumbent,Traduce,,,,,,,,,,,,,sabotage,panoramic,whet,wary,remedial,paragon,recumbent,,
,,,,,,Saga,Paragon,Wistful,wholesome,renounce,parenthetical,regale,Trammel,,,,,,,,,,,,,saga,paragon,wistful,wholesome,renounce,parenthetical,regale,,
,,,,,,Sanctity,Parenthetical,Woebegone,ĞĞĞ,repertoire,parry,rejoinder,Transfix,,,,,,,,,,,,,sanctity,parenthetical,woebegone,ğğğ,repertoire,parry,rejoinder,,
,,,,,,Scourge,Parry,ĞĞĞ,,repose,pastoral,remonstrate,Transience,,,,,,,,,,,,,scourge,parry,ğğğ,,repose,pastoral,remonstrate,,
,,,,,,Seasoned,Pastoral,,,repository,pathogen,reprehensible,Trenchant,,,,,,,,,,,,,seasoned,pastoral,,,repository,pathogen,reprehensible,,
,,,,,,Secular,Pathogen,,,reprieve,pathological,repudiate,Triptych,,,,,,,,,,,,,secular,pathogen,,,reprieve,pathological,repudiate,,
,,,,,,Sedate,Pathological,,,reprimand,pecuniary,repugnance,Troglodyte,,,,,,,,,,,,,sedate,pathological,,,reprimand,pecuniary,repugnance,,
,,,,,,Sinister,Pecuniary,,,residual,pedagogy,resplendent,Trope,,,,,,,,,,,,,sinister,pecuniary,,,residual,pedagogy,resplendent,,
,,,,,,Spatial,Pedagogy,,,resonate,penchant,restitution,Truculent,,,,,,,,,,,,,spatial,pedagogy,,,resonate,penchant,restitution,,
,,,,,,Sporadic,Penchant,,,resounding,pernicious,reticent,Tryst,,,,,,,,,,,,,sporadic,penchant,,,resounding,pernicious,reticent,,
,,,,,,Squander,Permeate,,,respite,personify,riposte,Turgid,,,,,,,,,,,,,squander,permeate,,,respite,personify,riposte,,
,,,,,,Stagnant,Pernicious,,,resurgence,peruse,rubric,Turpitude,,,,,,,,,,,,,stagnant,pernicious,,,resurgence,peruse,rubric,,
,,,,,,Staid,Perpetuate,,,retention,petulant,ruminate,Tyro,,,,,,,,,,,,,staid,perpetuate,,,retention,petulant,ruminate,,
,,,,,,Stereotype,Perplexed,,,retribution,pillage,sacrilegious,Umbrage,,,,,,,,,,,,,stereotype,perplexed,,,retribution,pillage,sacrilegious,,
,,,,,,Stigma,Personify,,,reverent,pique,sacrosanct,Unconscionable,,,,,,,,,,,,,stigma,personify,,,reverent,pique,sacrosanct,,
,,,,,,Strata,Peruse,,,revulsion,pithy,sapient,Unctuous,,,,,,,,,,,,,strata,peruse,,,revulsion,pithy,sapient,,
,,,,,,Strife,Pestilence,,,rudimentary,pittance,satiate,Unguent,,,,,,,,,,,,,strife,pestilence,,,rudimentary,pittance,satiate,,
,,,,,,Stringent,Petulant,,,sanctity,plethora,scintillating,Unsullied,,,,,,,,,,,,,stringent,petulant,,,sanctity,plethora,scintillating,,
,,,,,,Suave,Pique,,,scaffolding,plummet,sectarian,Untoward,,,,,,,,,,,,,suave,pique,,,scaffolding,plummet,sectarian,,
,,,,,,Subjective,Pithy,,,scant,polarization,segue,Vacillate,,,,,,,,,,,,,subjective,pithy,,,scant,polarization,segue,,
,,,,,,Subside,Pittance,,,scourge,ponderous,seminal,Vapid,,,,,,,,,,,,,subside,pittance,,,scourge,ponderous,seminal,,
,,,,,,Subsistence,Pivotal,,,scuttle,potable,sentient,Venial,,,,,,,,,,,,,subsistence,pivotal,,,scuttle,potable,sentient,,
,,,,,,Substantive,Plagiarism,,,sedate,prattle,sequester,Verisimilitude,,,,,,,,,,,,,substantive,plagiarism,,,sedate,prattle,sequester,,
,,,,,,Subterranean,Plummet,,,skirmish,precept,serendipity,Vicissitude,,,,,,,,,,,,,subterranean,plummet,,,skirmish,precept,serendipity,,
,,,,,,Succumb,Plunder,,,spontaneity,precipitous,sidle,Viscid,,,,,,,,,,,,,succumb,plunder,,,spontaneity,precipitous,sidle,,
,,,,,,Sumptuous,Polarization,,,sporadic,precocious,sinuous,Vitiate,,,,,,,,,,,,,sumptuous,polarization,,,sporadic,precocious,sinuous,,
,,,,,,Superficial,Pompous,,,staid,preponderance,smorgasbord,Vitriolic,,,,,,,,,,,,,superficial,pompous,,,staid,preponderance,smorgasbord,,
,,,,,,Superfluous,Ponderous,,,stalwart,prerogative,solicitous,Vituperative,,,,,,,,,,,,,superfluous,ponderous,,,stalwart,prerogative,solicitous,,
,,,,,,Superimpose,Posthumous,,,steadfast,presumptuous,solvency,Welter,,,,,,,,,,,,,superimpose,posthumous,,,steadfast,presumptuous,solvency,,
,,,,,,Supersede,Pragmatic,,,stifle,primordial,somatic,Winnow,,,,,,,,,,,,,supersede,pragmatic,,,stifle,primordial,somatic,,
,,,,,,Supplement,Precept,,,stigma,profundity,somnolent,Wizened,,,,,,,,,,,,,supplement,precept,,,stigma,profundity,somnolent,,
,,,,,,Susceptible,Precipitous,,,stipulate,propagate,sophistry,ĞĞĞ,,,,,,,,,,,,,susceptible,precipitous,,,stipulate,propagate,sophistry,,
,,,,,,Sustenance,Precocious,,,strata,propitious,stoic,,,,,,,,,,,,,,sustenance,precocious,,,strata,propitious,stoic,,
,,,,,,Synthesis,Preponderance,,,stringent,protege,stratagem,,,,,,,,,,,,,,synthesis,preponderance,,,stringent,protege,stratagem,,
,,,,,,Taint,Presumptuous,,,strut,prowess,stymie,,,,,,,,,,,,,,taint,presumptuous,,,strut,prowess,stymie,,
,,,,,,Tangible,Primordial,,,suave,punitive,subjugate,,,,,,,,,,,,,,tangible,primordial,,,suave,punitive,subjugate,,
,,,,,,Tedium,Pristine,,,subjective,quagmire,subsume,,,,,,,,,,,,,,tedium,pristine,,,subjective,quagmire,subsume,,
,,,,,,Temperamental,Profundity,,,subside,qualm,suffuse,,,,,,,,,,,,,,temperamental,profundity,,,subside,qualm,suffuse,,
,,,,,,Tentative,Progeny,,,subsistence,quandary,supplicant,,,,,,,,,,,,,,tentative,progeny,,,subsistence,quandary,supplicant,,
,,,,,,Topical,Prone,,,substantive,quaver,surreptitious,,,,,,,,,,,,,,topical,prone,,,substantive,quaver,surreptitious,,
,,,,,,Topography,Propagate,,,suffrage,quintessential,swarthy,,,,,,,,,,,,,,topography,propagate,,,suffrage,quintessential,swarthy,,
,,,,,,Tranquil,Proponent,,,sumptuous,rambunctious,taciturn,,,,,,,,,,,,,,tranquil,proponent,,,sumptuous,rambunctious,taciturn,,
,,,,,,Transcribe,Protagonist,,,superfluous,rancid,tantamount,,,,,,,,,,,,,,transcribe,protagonist,,,superfluous,rancid,tantamount,,
,,,,,,Translucent,Protégé,,,superimpose,rebuff,tawdry,,,,,,,,,,,,,,translucent,protégé,,,superimpose,rebuff,tawdry,,
,,,,,,Transpose,Protrude,,,supersede,recant,temerity,,,,,,,,,,,,,,transpose,protrude,,,supersede,recant,temerity,,
,,,,,,Treatise,Provincial,,,surmise,recluse,tensile,,,,,,,,,,,,,,treatise,provincial,,,surmise,recluse,tensile,,
,,,,,,Trifle,Prowess,,,sustenance,recompense,tertiary,,,,,,,,,,,,,,trifle,prowess,,,sustenance,recompense,tertiary,,
,,,,,,Turmoil,Pseudonym,,,symposium,recoup,touchstone,,,,,,,,,,,,,,turmoil,pseudonym,,,symposium,recoup,touchstone,,
,,,,,,Uncanny,Punitive,,,taint,recrimination,travesty,,,,,,,,,,,,,,uncanny,punitive,,,taint,recrimination,travesty,,
,,,,,,Undermine,Quell,,,tangible,redress,tremulous,,,,,,,,,,,,,,undermine,quell,,,tangible,redress,tremulous,,
,,,,,,Unfeasible,Ramble,,,tedium,relegate,tutelage,,,,,,,,,,,,,,unfeasible,ramble,,,tedium,relegate,tutelage,,
,,,,,,Unison,Ramification,,,temperamental,remission,unflagging,,,,,,,,,,,,,,unison,ramification,,,temperamental,remission,unflagging,,
,,,,,,Unlettered,Rampant,,,tether,remuneration,unflappable,,,,,,,,,,,,,,unlettered,rampant,,,tether,remuneration,unflappable,,
,,,,,,Unorthodox,Rancid,,,thwart,renege,unrequited,,,,,,,,,,,,,,unorthodox,rancid,,,thwart,renege,unrequited,,
,,,,,,Unparalleled,Rant,,,topical,replete,unseemly,,,,,,,,,,,,,,unparalleled,rant,,,topical,replete,unseemly,,
,,,,,,Unrelenting,Rapport,,,topography,reprisal,urbane,,,,,,,,,,,,,,unrelenting,rapport,,,topography,reprisal,urbane,,
,,,,,,Unscathed,Raucous,,,transcribe,repute,vagary,,,,,,,,,,,,,,unscathed,raucous,,,transcribe,repute,vagary,,
,,,,,,Unwarranted,Recant,,,translucent,requiem,vaunted,,,,,,,,,,,,,,unwarranted,recant,,,translucent,requiem,vaunted,,
,,,,,,Unwieldy,Reciprocate,,,transpose,rescind,venal,,,,,,,,,,,,,,unwieldy,reciprocate,,,transpose,rescind,venal,,
,,,,,,Usurp,Recluse,,,treatise,resilience,verdant,,,,,,,,,,,,,,usurp,recluse,,,treatise,resilience,verdant,,
,,,,,,Utilitarian,Recompense,,,ubiquitous,retinue,vertigo,,,,,,,,,,,,,,utilitarian,recompense,,,ubiquitous,retinue,vertigo,,
,,,,,,Validate,Recoup,,,uncanny,retrograde,vestige,,,,,,,,,,,,,,validate,recoup,,,uncanny,retrograde,vestige,,
,,,,,,Vehement,Recrimination,,,unfeasible,retrospect,vignette,,,,,,,,,,,,,,vehement,recrimination,,,unfeasible,retrospect,vignette,,
,,,,,,Veracity,Redress,,,unilateral,revelry,vindicate,,,,,,,,,,,,,,veracity,redress,,,unilateral,revelry,vindicate,,
,,,,,,Verbatim,Redundant,,,unlettered,reverberate,visage,,,,,,,,,,,,,,verbatim,redundant,,,unlettered,reverberate,visage,,
,,,,,,Veritable,Rejuvenate,,,unorthodox,reverie,visceral,,,,,,,,,,,,,,veritable,rejuvenate,,,unorthodox,reverie,visceral,,
,,,,,,Vicious,Remission,,,unparalleled,revile,vociferous,,,,,,,,,,,,,,vicious,remission,,,unparalleled,revile,vociferous,,
,,,,,,Vigilant,Remuneration,,,unrelenting,rife,voluble,,,,,,,,,,,,,,vigilant,remuneration,,,unrelenting,rife,voluble,,
,,,,,,Vivacious,Renege,,,unscathed,ruse,windfall,,,,,,,,,,,,,,vivacious,renege,,,unscathed,ruse,windfall,,
,,,,,,Vogue,Renounce,,,unwarranted,salient,winsome,,,,,,,,,,,,,,vogue,renounce,,,unwarranted,salient,winsome,,
,,,,,,Volatile,Replete,,,unwieldy,sanguine,yokel,,,,,,,,,,,,,,volatile,replete,,,unwieldy,sanguine,yokel,,
,,,,,,Voracious,Repose,,,usurp,sardonic,ĞĞĞ,,,,,,,,,,,,,,voracious,repose,,,usurp,sardonic,ğğğ,,
,,,,,,Wane,Reprieve,,,utilitarian,saunter,,,,,,,,,,,,,,,wane,reprieve,,,utilitarian,saunter,,,
,,,,,,Wary,Reprimand,,,vainglorious,schism,,,,,,,,,,,,,,,wary,reprimand,,,vainglorious,schism,,,
,,,,,,Wholesome,Reprisal,,,validate,scrupulous,,,,,,,,,,,,,,,wholesome,reprisal,,,validate,scrupulous,,,
,,,,,,Zealous,Repute,,,vanguard,sedition,,,,,,,,,,,,,,,zealous,repute,,,vanguard,sedition,,,
,,,,,,ĞĞĞ,Requiem,,,vehement,semblance,,,,,,,,,,,,,,,ğğğ,requiem,,,vehement,semblance,,,
,,,,,,,Residual,,,veneer,serpentine,,,,,,,,,,,,,,,,residual,,,veneer,serpentine,,,
,,,,,,,Resilience,,,veracity,servile,,,,,,,,,,,,,,,,resilience,,,veracity,servile,,,
,,,,,,,Resonate,,,verbatim,shard,,,,,,,,,,,,,,,,resonate,,,verbatim,shard,,,
,,,,,,,Respite,,,veritable,skittish,,,,,,,,,,,,,,,,respite,,,veritable,skittish,,,
,,,,,,,Resurgence,,,vigilant,slovenly,,,,,,,,,,,,,,,,resurgence,,,vigilant,slovenly,,,
,,,,,,,Retinue,,,vivacious,sojourn,,,,,,,,,,,,,,,,retinue,,,vivacious,sojourn,,,
,,,,,,,Retrograde,,,volatile,soliloquy,,,,,,,,,,,,,,,,retrograde,,,volatile,soliloquy,,,
,,,,,,,Retrospect,,,voracious,sonorous,,,,,,,,,,,,,,,,retrospect,,,voracious,sonorous,,,
,,,,,,,Reverent,,,wane,sordid,,,,,,,,,,,,,,,,reverent,,,wane,sordid,,,
,,,,,,,Revile,,,watershed,spate,,,,,,,,,,,,,,,,revile,,,watershed,spate,,,
,,,,,,,Revulsion,,,waver,spurious,,,,,,,,,,,,,,,,revulsion,,,waver,spurious,,,
,,,,,,,Ruse,,,wayward,squalor,,,,,,,,,,,,,,,,ruse,,,wayward,squalor,,,
,,,,,,,Salient,,,whimsical,squeamish,,,,,,,,,,,,,,,,salient,,,whimsical,squeamish,,,
,,,,,,,Scaffolding,,,wile,stasis,,,,,,,,,,,,,,,,scaffolding,,,wile,stasis,,,
,,,,,,,Scant,,,zealous,stolid,,,,,,,,,,,,,,,,scant,,,zealous,stolid,,,
,,,,,,,Scrutinize,,,zenith,stricture,,,,,,,,,,,,,,,,scrutinize,,,zenith,stricture,,,
,,,,,,,Secluded,,,ĞĞĞ,strident,,,,,,,,,,,,,,,,secluded,,,ğğğ,strident,,,
,,,,,,,Sedentary,,,,stupor,,,,,,,,,,,,,,,,sedentary,,,,stupor,,,
,,,,,,,Serendipity,,,,sublime,,,,,,,,,,,,,,,,serendipity,,,,sublime,,,
,,,,,,,Serene,,,,subservient,,,,,,,,,,,,,,,,serene,,,,subservient,,,
,,,,,,,Servile,,,,succinct,,,,,,,,,,,,,,,,servile,,,,succinct,,,
,,,,,,,Skepticism,,,,succulent,,,,,,,,,,,,,,,,skepticism,,,,succulent,,,
,,,,,,,Sluggish,,,,sundry,,,,,,,,,,,,,,,,sluggish,,,,sundry,,,
,,,,,,,Solace,,,,supine,,,,,,,,,,,,,,,,solace,,,,supine,,,
,,,,,,,Sovereign,,,,supplant,,,,,,,,,,,,,,,,sovereign,,,,supplant,,,
,,,,,,,Speculate,,,,surmount,,,,,,,,,,,,,,,,speculate,,,,surmount,,,
,,,,,,,Sporadic,,,,surrogate,,,,,,,,,,,,,,,,sporadic,,,,surrogate,,,
,,,,,,,Spurious,,,,sylvan,,,,,,,,,,,,,,,,spurious,,,,sylvan,,,
,,,,,,,Stagnant,,,,synchronous,,,,,,,,,,,,,,,,stagnant,,,,synchronous,,,
,,,,,,,Steadfast,,,,synergy,,,,,,,,,,,,,,,,steadfast,,,,synergy,,,
,,,,,,,Stifled,,,,tacit,,,,,,,,,,,,,,,,stifled,,,,tacit,,,
,,,,,,,Stipulate,,,,tactile,,,,,,,,,,,,,,,,stipulate,,,,tactile,,,
,,,,,,,Stratagem,,,,talisman,,,,,,,,,,,,,,,,stratagem,,,,talisman,,,
,,,,,,,Stringent,,,,tangential,,,,,,,,,,,,,,,,stringent,,,,tangential,,,
,,,,,,,Sublime,,,,tantalize,,,,,,,,,,,,,,,,sublime,,,,tantalize,,,
,,,,,,,Submissive,,,,taxonomy,,,,,,,,,,,,,,,,submissive,,,,taxonomy,,,
,,,,,,,Substantiate,,,,tempestuous,,,,,,,,,,,,,,,,substantiate,,,,tempestuous,,,
,,,,,,,Subtle,,,,temporal,,,,,,,,,,,,,,,,subtle,,,,temporal,,,
,,,,,,,Succinct,,,,tenet,,,,,,,,,,,,,,,,succinct,,,,tenet,,,
,,,,,,,Superfluous,,,,tenuous,,,,,,,,,,,,,,,,superfluous,,,,tenuous,,,
,,,,,,,Supplant,,,,tepid,,,,,,,,,,,,,,,,supplant,,,,tepid,,,
,,,,,,,Surmise,,,,terse,,,,,,,,,,,,,,,,surmise,,,,terse,,,
,,,,,,,Surreptitious,,,,timorous,,,,,,,,,,,,,,,,surreptitious,,,,timorous,,,
,,,,,,,Sustain,,,,tirade,,,,,,,,,,,,,,,,sustain,,,,tirade,,,
,,,,,,,Sycophant,,,,torrid,,,,,,,,,,,,,,,,sycophant,,,,torrid,,,
,,,,,,,Symbiotic,,,,torsion,,,,,,,,,,,,,,,,symbiotic,,,,torsion,,,
,,,,,,,Taciturn,,,,tortuous,,,,,,,,,,,,,,,,taciturn,,,,tortuous,,,
,,,,,,,Tangible,,,,transfuse,,,,,,,,,,,,,,,,tangible,,,,transfuse,,,
,,,,,,,Tantamount,,,,transmute,,,,,,,,,,,,,,,,tantamount,,,,transmute,,,
,,,,,,,Taut,,,,travail,,,,,,,,,,,,,,,,taut,,,,travail,,,
,,,,,,,Tenuous,,,,trepidation,,,,,,,,,,,,,,,,tenuous,,,,trepidation,,,
,,,,,,,Terse,,,,tribulation,,,,,,,,,,,,,,,,terse,,,,tribulation,,,
,,,,,,,Timorous,,,,trite,,,,,,,,,,,,,,,,timorous,,,,trite,,,
,,,,,,,Tirade,,,,truncate,,,,,,,,,,,,,,,,tirade,,,,truncate,,,
,,,,,,,Transcend,,,,tumultuous,,,,,,,,,,,,,,,,transcend,,,,tumultuous,,,
,,,,,,,Transient,,,,ulterior,,,,,,,,,,,,,,,,transient,,,,ulterior,,,
,,,,,,,Translucent,,,,ultimatum,,,,,,,,,,,,,,,,translucent,,,,ultimatum,,,
,,,,,,,Trepidation,,,,unassuming,,,,,,,,,,,,,,,,trepidation,,,,unassuming,,,
,,,,,,,Trivial,,,,unbridled,,,,,,,,,,,,,,,,trivial,,,,unbridled,,,
,,,,,,,Tumultuous,,,,uncouth,,,,,,,,,,,,,,,,tumultuous,,,,uncouth,,,
,,,,,,,Ubiquitous,,,,undulate,,,,,,,,,,,,,,,,ubiquitous,,,,undulate,,,
,,,,,,,Unanimous,,,,unfounded,,,,,,,,,,,,,,,,unanimous,,,,unfounded,,,
,,,,,,,Unassailable,,,,unkempt,,,,,,,,,,,,,,,,unassailable,,,,unkempt,,,
,,,,,,,Unassuming,,,,unnerve,,,,,,,,,,,,,,,,unassuming,,,,unnerve,,,
,,,,,,,Unbridled,,,,unobtrusive,,,,,,,,,,,,,,,,unbridled,,,,unobtrusive,,,
,,,,,,,Uncanny,,,,unsavory,,,,,,,,,,,,,,,,uncanny,,,,unsavory,,,
,,,,,,,Unconscionable,,,,unwitting,,,,,,,,,,,,,,,,unconscionable,,,,unwitting,,,
,,,,,,,Unprecedented,,,,vacuous,,,,,,,,,,,,,,,,unprecedented,,,,vacuous,,,
,,,,,,,Unrequited,,,,vantage,,,,,,,,,,,,,,,,unrequited,,,,vantage,,,
,,,,,,,Unscrupulous,,,,vaporous,,,,,,,,,,,,,,,,unscrupulous,,,,vaporous,,,
,,,,,,,Unwavering,,,,variegated,,,,,,,,,,,,,,,,unwavering,,,,variegated,,,
,,,,,,,Upbraid,,,,vassal,,,,,,,,,,,,,,,,upbraid,,,,vassal,,,
,,,,,,,Uproot,,,,vendetta,,,,,,,,,,,,,,,,uproot,,,,vendetta,,,
,,,,,,,Usurp,,,,venerable,,,,,,,,,,,,,,,,usurp,,,,venerable,,,
,,,,,,,Utilitarian,,,,verbiage,,,,,,,,,,,,,,,,utilitarian,,,,verbiage,,,
,,,,,,,Vacillate,,,,verbose,,,,,,,,,,,,,,,,vacillate,,,,verbose,,,
,,,,,,,Vapid,,,,verity,,,,,,,,,,,,,,,,vapid,,,,verity,,,
,,,,,,,Vehement,,,,vernacular,,,,,,,,,,,,,,,,vehement,,,,vernacular,,,
,,,,,,,Venerable,,,,vernal,,,,,,,,,,,,,,,,venerable,,,,vernal,,,
,,,,,,,Veracity,,,,vicarious,,,,,,,,,,,,,,,,veracity,,,,vicarious,,,
,,,,,,,Vernacular,,,,vilify,,,,,,,,,,,,,,,,vernacular,,,,vilify,,,
,,,,,,,Vicarious,,,,vindictive,,,,,,,,,,,,,,,,vicarious,,,,vindictive,,,
,,,,,,,Vignette,,,,virtuoso,,,,,,,,,,,,,,,,vignette,,,,virtuoso,,,
,,,,,,,Vilify,,,,virulent,,,,,,,,,,,,,,,,vilify,,,,virulent,,,
,,,,,,,Virulent,,,,volition,,,,,,,,,,,,,,,,virulent,,,,volition,,,
,,,,,,,Vitriolic,,,,voluminous,,,,,,,,,,,,,,,,vitriolic,,,,voluminous,,,
,,,,,,,Vivacious,,,,vortex,,,,,,,,,,,,,,,,vivacious,,,,vortex,,,
,,,,,,,Volatile,,,,wallow,,,,,,,,,,,,,,,,volatile,,,,wallow,,,
,,,,,,,Voracious,,,,wanton,,,,,,,,,,,,,,,,voracious,,,,wanton,,,
,,,,,,,Waive,,,,wastrel,,,,,,,,,,,,,,,,waive,,,,wastrel,,,
,,,,,,,Wanton,,,,whet,,,,,,,,,,,,,,,,wanton,,,,whet,,,
,,,,,,,Wary,,,,wistful,,,,,,,,,,,,,,,,wary,,,,wistful,,,
,,,,,,,Whimsical,,,,woebegone,,,,,,,,,,,,,,,,whimsical,,,,woebegone,,,
,,,,,,,Wistful,,,,writ,,,,,,,,,,,,,,,,wistful,,,,writ,,,
,,,,,,,Writhe,,,,ĞĞĞ,,,,,,,,,,,,,,,,writhe,,,,ğğğ,,,
,,,,,,,Xenophobia,,,,,,,,,,,,,,,,,,,,xenophobia,,,,,,,
,,,,,,,Yield,,,,,,,,,,,,,,,,,,,,yield,,,,,,,
,,,,,,,Zenith,,,,,,,,,,,,,,,,,,,,zenith,,,,,,,
,,,,,,,ĞĞĞ,,,,,,,,,,,,,,,,,,,,ğğğ,,,,,,,